fecha,provincia,producto,media,n
2026-07-11,Albacete,gasoleo_a,1.5921,150
2026-07-11,Albacete,gasoleo_premium,1.7164,67
2026-07-11,Albacete,gasolina_95_e5,1.5508,141
2026-07-11,Albacete,gasolina_98_e5,1.7406,64
2026-07-11,Albacete,glp,1.0827,6
2026-07-11,Alicante,gasoleo_a,1.5525,482
2026-07-11,Alicante,gasoleo_premium,1.6608,276
2026-07-11,Alicante,gasolina_95_e5,1.572,478
2026-07-11,Alicante,gasolina_98_e5,1.7726,260
2026-07-11,Alicante,glp,1.0393,46
2026-07-11,Almería,gasoleo_a,1.5582,231
2026-07-11,Almería,gasoleo_premium,1.6699,119
2026-07-11,Almería,gasolina_95_e5,1.5268,219
2026-07-11,Almería,gasolina_98_e5,1.7391,95
2026-07-11,Almería,glp,1.0824,21
2026-07-11,Araba/Álava,gasoleo_a,1.5842,72
2026-07-11,Araba/Álava,gasoleo_premium,1.6733,36
2026-07-11,Araba/Álava,gasolina_95_e5,1.5849,68
2026-07-11,Araba/Álava,gasolina_98_e5,1.7511,38
2026-07-11,Araba/Álava,glp,1.0791,9
2026-07-11,Asturias,gasoleo_a,1.625,240
2026-07-11,Asturias,gasoleo_premium,1.7097,160
2026-07-11,Asturias,gasolina_95_e5,1.6125,224
2026-07-11,Asturias,gasolina_98_e5,1.773,141
2026-07-11,Asturias,glp,1.1103,23
2026-07-11,Badajoz,gasoleo_a,1.5705,281
2026-07-11,Badajoz,gasoleo_premium,1.6709,131
2026-07-11,Badajoz,gasolina_95_e5,1.5431,242
2026-07-11,Badajoz,gasolina_98_e5,1.7287,66
2026-07-11,Badajoz,glp,1.0877,7
2026-07-11,Balears (Illes),gasoleo_a,1.6733,216
2026-07-11,Balears (Illes),gasoleo_premium,1.7605,102
2026-07-11,Balears (Illes),gasolina_95_e5,1.6543,216
2026-07-11,Balears (Illes),gasolina_98_e5,1.8016,126
2026-07-11,Balears (Illes),glp,1.0573,21
2026-07-11,Barcelona,gasoleo_a,1.5402,784
2026-07-11,Barcelona,gasoleo_premium,1.6279,394
2026-07-11,Barcelona,gasolina_95_e5,1.5078,774
2026-07-11,Barcelona,gasolina_98_e5,1.7004,440
2026-07-11,Barcelona,glp,1.0167,88
2026-07-11,Bizkaia,gasoleo_a,1.5861,128
2026-07-11,Bizkaia,gasoleo_premium,1.6324,46
2026-07-11,Bizkaia,gasolina_95_e5,1.5764,126
2026-07-11,Bizkaia,gasolina_98_e5,1.7637,68
2026-07-11,Bizkaia,glp,1.1088,11
2026-07-11,Burgos,gasoleo_a,1.5787,137
2026-07-11,Burgos,gasoleo_premium,1.6627,76
2026-07-11,Burgos,gasolina_95_e5,1.5959,133
2026-07-11,Burgos,gasolina_98_e5,1.782,57
2026-07-11,Burgos,glp,1.1038,13
2026-07-11,Cantabria,gasoleo_a,1.5746,166
2026-07-11,Cantabria,gasoleo_premium,1.6427,83
2026-07-11,Cantabria,gasolina_95_e5,1.5758,165
2026-07-11,Cantabria,gasolina_98_e5,1.7669,85
2026-07-11,Cantabria,glp,1.1069,29
2026-07-11,Castellón / Castelló,gasoleo_a,1.5563,195
2026-07-11,Castellón / Castelló,gasoleo_premium,1.6795,99
2026-07-11,Castellón / Castelló,gasolina_95_e5,1.5302,193
2026-07-11,Castellón / Castelló,gasolina_98_e5,1.7372,75
2026-07-11,Castellón / Castelló,glp,1.1026,10
2026-07-11,Ceuta,gasoleo_a,1.4095,10
2026-07-11,Ceuta,gasoleo_premium,1.463,4
2026-07-11,Ceuta,gasolina_95_e5,1.3905,10
2026-07-11,Ceuta,gasolina_98_e5,1.4309,8
2026-07-11,Ciudad Real,gasoleo_a,1.5412,215
2026-07-11,Ciudad Real,gasoleo_premium,1.6545,59
2026-07-11,Ciudad Real,gasolina_95_e5,1.5278,194
2026-07-11,Ciudad Real,gasolina_98_e5,1.7286,72
2026-07-11,Ciudad Real,glp,1.0498,15
2026-07-11,Coruña (A),gasoleo_a,1.5714,285
2026-07-11,Coruña (A),gasoleo_premium,1.6612,172
2026-07-11,Coruña (A),gasolina_95_e5,1.5563,283
2026-07-11,Coruña (A),gasolina_98_e5,1.7236,170
2026-07-11,Coruña (A),glp,0.997,33
2026-07-11,Cuenca,gasoleo_a,1.5898,119
2026-07-11,Cuenca,gasoleo_premium,1.7341,58
2026-07-11,Cuenca,gasolina_95_e5,1.5834,108
2026-07-11,Cuenca,gasolina_98_e5,1.7676,40
2026-07-11,Cuenca,glp,1.0473,7
2026-07-11,Cáceres,gasoleo_a,1.6084,163
2026-07-11,Cáceres,gasoleo_premium,1.7175,81
2026-07-11,Cáceres,gasolina_95_e5,1.5671,147
2026-07-11,Cáceres,gasolina_98_e5,1.77,46
2026-07-11,Cáceres,glp,1.0797,7
2026-07-11,Cádiz,gasoleo_a,1.5606,288
2026-07-11,Cádiz,gasoleo_premium,1.6569,175
2026-07-11,Cádiz,gasolina_95_e5,1.5674,283
2026-07-11,Cádiz,gasolina_98_e5,1.7613,117
2026-07-11,Cádiz,glp,1.0526,26
2026-07-11,Córdoba,gasoleo_a,1.5906,208
2026-07-11,Córdoba,gasoleo_premium,1.685,103
2026-07-11,Córdoba,gasolina_95_e5,1.5433,203
2026-07-11,Córdoba,gasolina_98_e5,1.7266,66
2026-07-11,Córdoba,glp,1.0921,13
2026-07-11,Gipuzkoa,gasoleo_a,1.5818,145
2026-07-11,Gipuzkoa,gasoleo_premium,1.6775,80
2026-07-11,Gipuzkoa,gasolina_95_e5,1.5709,131
2026-07-11,Gipuzkoa,gasolina_98_e5,1.7693,77
2026-07-11,Gipuzkoa,glp,1.0484,19
2026-07-11,Girona,gasoleo_a,1.5556,267
2026-07-11,Girona,gasoleo_premium,1.6801,149
2026-07-11,Girona,gasolina_95_e5,1.5673,257
2026-07-11,Girona,gasolina_98_e5,1.7539,156
2026-07-11,Girona,glp,1.0902,25
2026-07-11,Granada,gasoleo_a,1.5397,281
2026-07-11,Granada,gasoleo_premium,1.6549,170
2026-07-11,Granada,gasolina_95_e5,1.5296,277
2026-07-11,Granada,gasolina_98_e5,1.7245,152
2026-07-11,Granada,glp,1.0154,23
2026-07-11,Guadalajara,gasoleo_a,1.5785,89
2026-07-11,Guadalajara,gasoleo_premium,1.6689,44
2026-07-11,Guadalajara,gasolina_95_e5,1.5679,87
2026-07-11,Guadalajara,gasolina_98_e5,1.7833,43
2026-07-11,Guadalajara,glp,1.0118,6
2026-07-11,Huelva,gasoleo_a,1.6026,138
2026-07-11,Huelva,gasoleo_premium,1.7166,58
2026-07-11,Huelva,gasolina_95_e5,1.5915,133
2026-07-11,Huelva,gasolina_98_e5,1.7733,48
2026-07-11,Huelva,glp,1.0792,6
2026-07-11,Huesca,gasoleo_a,1.5839,121
2026-07-11,Huesca,gasoleo_premium,1.684,58
2026-07-11,Huesca,gasolina_95_e5,1.5439,111
2026-07-11,Huesca,gasolina_98_e5,1.7272,53
2026-07-11,Huesca,glp,1.1043,3
2026-07-11,Jaén,gasoleo_a,1.5907,212
2026-07-11,Jaén,gasoleo_premium,1.6807,101
2026-07-11,Jaén,gasolina_95_e5,1.5451,208
2026-07-11,Jaén,gasolina_98_e5,1.742,80
2026-07-11,Jaén,glp,1.0564,14
2026-07-11,León,gasoleo_a,1.5968,163
2026-07-11,León,gasoleo_premium,1.6797,112
2026-07-11,León,gasolina_95_e5,1.5704,157
2026-07-11,León,gasolina_98_e5,1.7426,95
2026-07-11,León,glp,1.1031,8
2026-07-11,Lleida,gasoleo_a,1.5103,181
2026-07-11,Lleida,gasoleo_premium,1.623,79
2026-07-11,Lleida,gasolina_95_e5,1.5023,166
2026-07-11,Lleida,gasolina_98_e5,1.6994,78
2026-07-11,Lleida,glp,1.1571,7
2026-07-11,Lugo,gasoleo_a,1.5951,128
2026-07-11,Lugo,gasoleo_premium,1.6957,66
2026-07-11,Lugo,gasolina_95_e5,1.5844,126
2026-07-11,Lugo,gasolina_98_e5,1.7613,60
2026-07-11,Lugo,glp,1.056,7
2026-07-11,Madrid,gasoleo_a,1.5767,862
2026-07-11,Madrid,gasoleo_premium,1.665,453
2026-07-11,Madrid,gasolina_95_e5,1.573,857
2026-07-11,Madrid,gasolina_98_e5,1.7706,416
2026-07-11,Madrid,glp,1.0274,134
2026-07-11,Melilla,gasoleo_a,1.3745,11
2026-07-11,Melilla,gasoleo_premium,1.421,7
2026-07-11,Melilla,gasolina_95_e5,1.4207,11
2026-07-11,Murcia,gasoleo_a,1.5416,455
2026-07-11,Murcia,gasoleo_premium,1.6213,232
2026-07-11,Murcia,gasolina_95_e5,1.5325,432
2026-07-11,Murcia,gasolina_98_e5,1.7103,236
2026-07-11,Murcia,glp,1.041,44
2026-07-11,Málaga,gasoleo_a,1.6086,303
2026-07-11,Málaga,gasoleo_premium,1.7102,208
2026-07-11,Málaga,gasolina_95_e5,1.5962,300
2026-07-11,Málaga,gasolina_98_e5,1.7729,164
2026-07-11,Málaga,glp,1.0367,33
2026-07-11,Navarra,gasoleo_a,1.5236,239
2026-07-11,Navarra,gasoleo_premium,1.6347,97
2026-07-11,Navarra,gasolina_95_e5,1.5383,215
2026-07-11,Navarra,gasolina_98_e5,1.757,63
2026-07-11,Navarra,glp,1.09,20
2026-07-11,Ourense,gasoleo_a,1.5982,88
2026-07-11,Ourense,gasoleo_premium,1.6826,57
2026-07-11,Ourense,gasolina_95_e5,1.5864,88
2026-07-11,Ourense,gasolina_98_e5,1.7471,61
2026-07-11,Ourense,glp,1.0952,5
2026-07-11,Palencia,gasoleo_a,1.5902,68
2026-07-11,Palencia,gasoleo_premium,1.6874,45
2026-07-11,Palencia,gasolina_95_e5,1.5692,65
2026-07-11,Palencia,gasolina_98_e5,1.7568,37
2026-07-11,Palencia,glp,1.1078,4
2026-07-11,Palmas (Las),gasoleo_a,1.4119,258
2026-07-11,Palmas (Las),gasoleo_premium,1.5314,156
2026-07-11,Palmas (Las),gasolina_95_e5,1.3741,257
2026-07-11,Palmas (Las),gasolina_98_e5,1.5085,227
2026-07-11,Palmas (Las),glp,0.9187,19
2026-07-11,Pontevedra,gasoleo_a,1.5795,226
2026-07-11,Pontevedra,gasoleo_premium,1.694,143
2026-07-11,Pontevedra,gasolina_95_e5,1.569,224
2026-07-11,Pontevedra,gasolina_98_e5,1.7379,134
2026-07-11,Pontevedra,glp,1.1108,18
2026-07-11,Rioja (La),gasoleo_a,1.5398,83
2026-07-11,Rioja (La),gasoleo_premium,1.6573,39
2026-07-11,Rioja (La),gasolina_95_e5,1.5418,80
2026-07-11,Rioja (La),gasolina_98_e5,1.7249,36
2026-07-11,Rioja (La),glp,1.1358,5
2026-07-11,Salamanca,gasoleo_a,1.5754,110
2026-07-11,Salamanca,gasoleo_premium,1.697,65
2026-07-11,Salamanca,gasolina_95_e5,1.5514,106
2026-07-11,Salamanca,gasolina_98_e5,1.7447,52
2026-07-11,Salamanca,glp,1.1192,8
2026-07-11,Santa Cruz De Tenerife,gasoleo_a,1.4729,235
2026-07-11,Santa Cruz De Tenerife,gasoleo_premium,1.591,127
2026-07-11,Santa Cruz De Tenerife,gasolina_95_e5,1.4203,236
2026-07-11,Santa Cruz De Tenerife,gasolina_98_e5,1.5423,222
2026-07-11,Santa Cruz De Tenerife,glp,0.9259,10
2026-07-11,Segovia,gasoleo_a,1.5845,76
2026-07-11,Segovia,gasoleo_premium,1.6712,43
2026-07-11,Segovia,gasolina_95_e5,1.5719,75
2026-07-11,Segovia,gasolina_98_e5,1.7617,37
2026-07-11,Segovia,glp,1.1202,4
2026-07-11,Sevilla,gasoleo_a,1.5686,441
2026-07-11,Sevilla,gasoleo_premium,1.6771,235
2026-07-11,Sevilla,gasolina_95_e5,1.5343,434
2026-07-11,Sevilla,gasolina_98_e5,1.7406,147
2026-07-11,Sevilla,glp,1.0236,37
2026-07-11,Soria,gasoleo_a,1.5282,41
2026-07-11,Soria,gasoleo_premium,1.6012,20
2026-07-11,Soria,gasolina_95_e5,1.527,42
2026-07-11,Soria,gasolina_98_e5,1.7309,17
2026-07-11,Soria,glp,1.0232,5
2026-07-11,Tarragona,gasoleo_a,1.527,228
2026-07-11,Tarragona,gasoleo_premium,1.6476,124
2026-07-11,Tarragona,gasolina_95_e5,1.5368,216
2026-07-11,Tarragona,gasolina_98_e5,1.7283,123
2026-07-11,Tarragona,glp,1.0296,28
2026-07-11,Teruel,gasoleo_a,1.5555,69
2026-07-11,Teruel,gasoleo_premium,1.6917,33
2026-07-11,Teruel,gasolina_95_e5,1.5505,64
2026-07-11,Teruel,gasolina_98_e5,1.7199,30
2026-07-11,Teruel,glp,1.092,4
2026-07-11,Toledo,gasoleo_a,1.5855,241
2026-07-11,Toledo,gasoleo_premium,1.6777,117
2026-07-11,Toledo,gasolina_95_e5,1.5755,238
2026-07-11,Toledo,gasolina_98_e5,1.7705,119
2026-07-11,Toledo,glp,1.0272,29
2026-07-11,Valencia / València,gasoleo_a,1.529,628
2026-07-11,Valencia / València,gasoleo_premium,1.6442,311
2026-07-11,Valencia / València,gasolina_95_e5,1.5368,613
2026-07-11,Valencia / València,gasolina_98_e5,1.7578,281
2026-07-11,Valencia / València,glp,1.0142,49
2026-07-11,Valladolid,gasoleo_a,1.5764,151
2026-07-11,Valladolid,gasoleo_premium,1.6658,78
2026-07-11,Valladolid,gasolina_95_e5,1.5657,146
2026-07-11,Valladolid,gasolina_98_e5,1.7906,71
2026-07-11,Valladolid,glp,1.0507,17
2026-07-11,Zamora,gasoleo_a,1.5693,85
2026-07-11,Zamora,gasoleo_premium,1.6838,50
2026-07-11,Zamora,gasolina_95_e5,1.5653,79
2026-07-11,Zamora,gasolina_98_e5,1.7458,44
2026-07-11,Zamora,glp,1.0468,5
2026-07-11,Zaragoza,gasoleo_a,1.5529,231
2026-07-11,Zaragoza,gasoleo_premium,1.6381,87
2026-07-11,Zaragoza,gasolina_95_e5,1.5605,219
2026-07-11,Zaragoza,gasolina_98_e5,1.7588,95
2026-07-11,Zaragoza,glp,1.037,10
2026-07-11,Ávila,gasoleo_a,1.6169,73
2026-07-11,Ávila,gasoleo_premium,1.721,47
2026-07-11,Ávila,gasolina_95_e5,1.5877,72
2026-07-11,Ávila,gasolina_98_e5,1.7451,34
2026-07-11,Ávila,glp,1.1277,3
2026-07-12,Albacete,gasoleo_a,1.5915,150
2026-07-12,Albacete,gasoleo_premium,1.7159,67
2026-07-12,Albacete,gasolina_95_e5,1.5511,141
2026-07-12,Albacete,gasolina_98_e5,1.7408,64
2026-07-12,Albacete,glp,1.0827,6
2026-07-12,Alicante,gasoleo_a,1.5518,482
2026-07-12,Alicante,gasoleo_premium,1.6594,276
2026-07-12,Alicante,gasolina_95_e5,1.5717,478
2026-07-12,Alicante,gasolina_98_e5,1.7729,260
2026-07-12,Alicante,glp,1.0393,46
2026-07-12,Almería,gasoleo_a,1.5582,231
2026-07-12,Almería,gasoleo_premium,1.6694,119
2026-07-12,Almería,gasolina_95_e5,1.5266,219
2026-07-12,Almería,gasolina_98_e5,1.7388,95
2026-07-12,Almería,glp,1.0824,21
2026-07-12,Araba/Álava,gasoleo_a,1.5837,72
2026-07-12,Araba/Álava,gasoleo_premium,1.6727,36
2026-07-12,Araba/Álava,gasolina_95_e5,1.584,68
2026-07-12,Araba/Álava,gasolina_98_e5,1.7508,38
2026-07-12,Araba/Álava,glp,1.0791,9
2026-07-12,Asturias,gasoleo_a,1.6239,240
2026-07-12,Asturias,gasoleo_premium,1.7076,160
2026-07-12,Asturias,gasolina_95_e5,1.6108,224
2026-07-12,Asturias,gasolina_98_e5,1.7711,141
2026-07-12,Asturias,glp,1.1103,23
2026-07-12,Badajoz,gasoleo_a,1.5702,281
2026-07-12,Badajoz,gasoleo_premium,1.6696,131
2026-07-12,Badajoz,gasolina_95_e5,1.5436,242
2026-07-12,Badajoz,gasolina_98_e5,1.7298,66
2026-07-12,Badajoz,glp,1.0877,7
2026-07-12,Balears (Illes),gasoleo_a,1.6719,216
2026-07-12,Balears (Illes),gasoleo_premium,1.7584,102
2026-07-12,Balears (Illes),gasolina_95_e5,1.653,216
2026-07-12,Balears (Illes),gasolina_98_e5,1.8006,126
2026-07-12,Balears (Illes),glp,1.0573,21
2026-07-12,Barcelona,gasoleo_a,1.5392,784
2026-07-12,Barcelona,gasoleo_premium,1.6262,394
2026-07-12,Barcelona,gasolina_95_e5,1.5072,774
2026-07-12,Barcelona,gasolina_98_e5,1.6999,440
2026-07-12,Barcelona,glp,1.0167,88
2026-07-12,Bizkaia,gasoleo_a,1.5855,128
2026-07-12,Bizkaia,gasoleo_premium,1.632,46
2026-07-12,Bizkaia,gasolina_95_e5,1.5759,126
2026-07-12,Bizkaia,gasolina_98_e5,1.7636,68
2026-07-12,Bizkaia,glp,1.1052,11
2026-07-12,Burgos,gasoleo_a,1.5777,137
2026-07-12,Burgos,gasoleo_premium,1.6603,76
2026-07-12,Burgos,gasolina_95_e5,1.5955,133
2026-07-12,Burgos,gasolina_98_e5,1.7821,57
2026-07-12,Burgos,glp,1.1038,13
2026-07-12,Cantabria,gasoleo_a,1.5721,166
2026-07-12,Cantabria,gasoleo_premium,1.6398,83
2026-07-12,Cantabria,gasolina_95_e5,1.5748,165
2026-07-12,Cantabria,gasolina_98_e5,1.7666,85
2026-07-12,Cantabria,glp,1.1069,29
2026-07-12,Castellón / Castelló,gasoleo_a,1.5563,195
2026-07-12,Castellón / Castelló,gasoleo_premium,1.6787,99
2026-07-12,Castellón / Castelló,gasolina_95_e5,1.5308,193
2026-07-12,Castellón / Castelló,gasolina_98_e5,1.7384,75
2026-07-12,Castellón / Castelló,glp,1.1026,10
2026-07-12,Ceuta,gasoleo_a,1.4095,10
2026-07-12,Ceuta,gasoleo_premium,1.463,4
2026-07-12,Ceuta,gasolina_95_e5,1.3905,10
2026-07-12,Ceuta,gasolina_98_e5,1.4309,8
2026-07-12,Ciudad Real,gasoleo_a,1.5408,215
2026-07-12,Ciudad Real,gasoleo_premium,1.6533,59
2026-07-12,Ciudad Real,gasolina_95_e5,1.5274,194
2026-07-12,Ciudad Real,gasolina_98_e5,1.7286,72
2026-07-12,Ciudad Real,glp,1.0498,15
2026-07-12,Coruña (A),gasoleo_a,1.5707,285
2026-07-12,Coruña (A),gasoleo_premium,1.6607,172
2026-07-12,Coruña (A),gasolina_95_e5,1.5561,283
2026-07-12,Coruña (A),gasolina_98_e5,1.7233,170
2026-07-12,Coruña (A),glp,0.997,33
2026-07-12,Cuenca,gasoleo_a,1.5896,119
2026-07-12,Cuenca,gasoleo_premium,1.7319,58
2026-07-12,Cuenca,gasolina_95_e5,1.5824,108
2026-07-12,Cuenca,gasolina_98_e5,1.7678,40
2026-07-12,Cuenca,glp,1.0473,7
2026-07-12,Cáceres,gasoleo_a,1.6083,163
2026-07-12,Cáceres,gasoleo_premium,1.7167,81
2026-07-12,Cáceres,gasolina_95_e5,1.5675,147
2026-07-12,Cáceres,gasolina_98_e5,1.7714,46
2026-07-12,Cáceres,glp,1.0797,7
2026-07-12,Cádiz,gasoleo_a,1.5609,288
2026-07-12,Cádiz,gasoleo_premium,1.6573,175
2026-07-12,Cádiz,gasolina_95_e5,1.5686,283
2026-07-12,Cádiz,gasolina_98_e5,1.7633,117
2026-07-12,Cádiz,glp,1.0526,26
2026-07-12,Córdoba,gasoleo_a,1.5905,208
2026-07-12,Córdoba,gasoleo_premium,1.6844,103
2026-07-12,Córdoba,gasolina_95_e5,1.5436,203
2026-07-12,Córdoba,gasolina_98_e5,1.7254,66
2026-07-12,Córdoba,glp,1.0921,13
2026-07-12,Gipuzkoa,gasoleo_a,1.5793,145
2026-07-12,Gipuzkoa,gasoleo_premium,1.6738,80
2026-07-12,Gipuzkoa,gasolina_95_e5,1.5682,131
2026-07-12,Gipuzkoa,gasolina_98_e5,1.7669,77
2026-07-12,Gipuzkoa,glp,1.0484,19
2026-07-12,Girona,gasoleo_a,1.5552,267
2026-07-12,Girona,gasoleo_premium,1.6797,149
2026-07-12,Girona,gasolina_95_e5,1.5677,257
2026-07-12,Girona,gasolina_98_e5,1.7547,156
2026-07-12,Girona,glp,1.0902,25
2026-07-12,Granada,gasoleo_a,1.54,281
2026-07-12,Granada,gasoleo_premium,1.6556,170
2026-07-12,Granada,gasolina_95_e5,1.5297,277
2026-07-12,Granada,gasolina_98_e5,1.7233,152
2026-07-12,Granada,glp,1.0154,23
2026-07-12,Guadalajara,gasoleo_a,1.5764,89
2026-07-12,Guadalajara,gasoleo_premium,1.666,44
2026-07-12,Guadalajara,gasolina_95_e5,1.5676,87
2026-07-12,Guadalajara,gasolina_98_e5,1.7836,43
2026-07-12,Guadalajara,glp,1.0118,6
2026-07-12,Huelva,gasoleo_a,1.6024,138
2026-07-12,Huelva,gasoleo_premium,1.7147,58
2026-07-12,Huelva,gasolina_95_e5,1.5914,133
2026-07-12,Huelva,gasolina_98_e5,1.7755,48
2026-07-12,Huelva,glp,1.0792,6
2026-07-12,Huesca,gasoleo_a,1.5847,121
2026-07-12,Huesca,gasoleo_premium,1.6848,58
2026-07-12,Huesca,gasolina_95_e5,1.5447,111
2026-07-12,Huesca,gasolina_98_e5,1.7289,53
2026-07-12,Huesca,glp,1.1043,3
2026-07-12,Jaén,gasoleo_a,1.59,212
2026-07-12,Jaén,gasoleo_premium,1.6793,101
2026-07-12,Jaén,gasolina_95_e5,1.545,208
2026-07-12,Jaén,gasolina_98_e5,1.741,80
2026-07-12,Jaén,glp,1.0564,14
2026-07-12,León,gasoleo_a,1.5954,163
2026-07-12,León,gasoleo_premium,1.6788,112
2026-07-12,León,gasolina_95_e5,1.57,157
2026-07-12,León,gasolina_98_e5,1.7428,95
2026-07-12,León,glp,1.1031,8
2026-07-12,Lleida,gasoleo_a,1.5102,181
2026-07-12,Lleida,gasoleo_premium,1.6228,79
2026-07-12,Lleida,gasolina_95_e5,1.5035,166
2026-07-12,Lleida,gasolina_98_e5,1.7,78
2026-07-12,Lleida,glp,1.1571,7
2026-07-12,Lugo,gasoleo_a,1.5942,128
2026-07-12,Lugo,gasoleo_premium,1.6948,66
2026-07-12,Lugo,gasolina_95_e5,1.584,126
2026-07-12,Lugo,gasolina_98_e5,1.7611,60
2026-07-12,Lugo,glp,1.056,7
2026-07-12,Madrid,gasoleo_a,1.5756,862
2026-07-12,Madrid,gasoleo_premium,1.6627,453
2026-07-12,Madrid,gasolina_95_e5,1.5723,857
2026-07-12,Madrid,gasolina_98_e5,1.7707,416
2026-07-12,Madrid,glp,1.0274,134
2026-07-12,Melilla,gasoleo_a,1.3745,11
2026-07-12,Melilla,gasoleo_premium,1.421,7
2026-07-12,Melilla,gasolina_95_e5,1.4207,11
2026-07-12,Murcia,gasoleo_a,1.541,455
2026-07-12,Murcia,gasoleo_premium,1.62,232
2026-07-12,Murcia,gasolina_95_e5,1.5322,432
2026-07-12,Murcia,gasolina_98_e5,1.7103,236
2026-07-12,Murcia,glp,1.041,44
2026-07-12,Málaga,gasoleo_a,1.6073,303
2026-07-12,Málaga,gasoleo_premium,1.7089,208
2026-07-12,Málaga,gasolina_95_e5,1.5955,300
2026-07-12,Málaga,gasolina_98_e5,1.7727,164
2026-07-12,Málaga,glp,1.0367,33
2026-07-12,Navarra,gasoleo_a,1.5233,239
2026-07-12,Navarra,gasoleo_premium,1.6332,97
2026-07-12,Navarra,gasolina_95_e5,1.5379,215
2026-07-12,Navarra,gasolina_98_e5,1.756,63
2026-07-12,Navarra,glp,1.09,20
2026-07-12,Ourense,gasoleo_a,1.5983,88
2026-07-12,Ourense,gasoleo_premium,1.6827,57
2026-07-12,Ourense,gasolina_95_e5,1.5861,88
2026-07-12,Ourense,gasolina_98_e5,1.7467,61
2026-07-12,Ourense,glp,1.0952,5
2026-07-12,Palencia,gasoleo_a,1.5912,68
2026-07-12,Palencia,gasoleo_premium,1.6898,45
2026-07-12,Palencia,gasolina_95_e5,1.572,65
2026-07-12,Palencia,gasolina_98_e5,1.7599,37
2026-07-12,Palencia,glp,1.1078,4
2026-07-12,Palmas (Las),gasoleo_a,1.4114,258
2026-07-12,Palmas (Las),gasoleo_premium,1.532,156
2026-07-12,Palmas (Las),gasolina_95_e5,1.3744,257
2026-07-12,Palmas (Las),gasolina_98_e5,1.5089,227
2026-07-12,Palmas (Las),glp,0.9187,19
2026-07-12,Pontevedra,gasoleo_a,1.5798,226
2026-07-12,Pontevedra,gasoleo_premium,1.6947,143
2026-07-12,Pontevedra,gasolina_95_e5,1.5679,224
2026-07-12,Pontevedra,gasolina_98_e5,1.7368,134
2026-07-12,Pontevedra,glp,1.1108,18
2026-07-12,Rioja (La),gasoleo_a,1.5406,83
2026-07-12,Rioja (La),gasoleo_premium,1.6582,39
2026-07-12,Rioja (La),gasolina_95_e5,1.5402,80
2026-07-12,Rioja (La),gasolina_98_e5,1.7232,36
2026-07-12,Rioja (La),glp,1.1358,5
2026-07-12,Salamanca,gasoleo_a,1.5708,110
2026-07-12,Salamanca,gasoleo_premium,1.6938,65
2026-07-12,Salamanca,gasolina_95_e5,1.5514,106
2026-07-12,Salamanca,gasolina_98_e5,1.7456,52
2026-07-12,Salamanca,glp,1.1192,8
2026-07-12,Santa Cruz De Tenerife,gasoleo_a,1.4721,235
2026-07-12,Santa Cruz De Tenerife,gasoleo_premium,1.5906,127
2026-07-12,Santa Cruz De Tenerife,gasolina_95_e5,1.4199,236
2026-07-12,Santa Cruz De Tenerife,gasolina_98_e5,1.542,222
2026-07-12,Santa Cruz De Tenerife,glp,0.9259,10
2026-07-12,Segovia,gasoleo_a,1.5835,76
2026-07-12,Segovia,gasoleo_premium,1.6701,43
2026-07-12,Segovia,gasolina_95_e5,1.5725,75
2026-07-12,Segovia,gasolina_98_e5,1.7618,37
2026-07-12,Segovia,glp,1.1202,4
2026-07-12,Sevilla,gasoleo_a,1.5682,441
2026-07-12,Sevilla,gasoleo_premium,1.677,235
2026-07-12,Sevilla,gasolina_95_e5,1.5343,434
2026-07-12,Sevilla,gasolina_98_e5,1.7406,147
2026-07-12,Sevilla,glp,1.0236,37
2026-07-12,Soria,gasoleo_a,1.5292,41
2026-07-12,Soria,gasoleo_premium,1.602,20
2026-07-12,Soria,gasolina_95_e5,1.5239,42
2026-07-12,Soria,gasolina_98_e5,1.725,17
2026-07-12,Soria,glp,1.0232,5
2026-07-12,Tarragona,gasoleo_a,1.5259,228
2026-07-12,Tarragona,gasoleo_premium,1.6464,124
2026-07-12,Tarragona,gasolina_95_e5,1.5357,216
2026-07-12,Tarragona,gasolina_98_e5,1.7275,123
2026-07-12,Tarragona,glp,1.0296,28
2026-07-12,Teruel,gasoleo_a,1.5539,69
2026-07-12,Teruel,gasoleo_premium,1.6895,33
2026-07-12,Teruel,gasolina_95_e5,1.5509,64
2026-07-12,Teruel,gasolina_98_e5,1.7204,30
2026-07-12,Teruel,glp,1.092,4
2026-07-12,Toledo,gasoleo_a,1.5859,241
2026-07-12,Toledo,gasoleo_premium,1.6777,117
2026-07-12,Toledo,gasolina_95_e5,1.5751,238
2026-07-12,Toledo,gasolina_98_e5,1.7705,119
2026-07-12,Toledo,glp,1.0272,29
2026-07-12,Valencia / València,gasoleo_a,1.5301,628
2026-07-12,Valencia / València,gasoleo_premium,1.6452,311
2026-07-12,Valencia / València,gasolina_95_e5,1.5369,613
2026-07-12,Valencia / València,gasolina_98_e5,1.758,281
2026-07-12,Valencia / València,glp,1.0127,49
2026-07-12,Valladolid,gasoleo_a,1.5741,151
2026-07-12,Valladolid,gasoleo_premium,1.6632,78
2026-07-12,Valladolid,gasolina_95_e5,1.5661,146
2026-07-12,Valladolid,gasolina_98_e5,1.7921,71
2026-07-12,Valladolid,glp,1.0507,17
2026-07-12,Zamora,gasoleo_a,1.5694,85
2026-07-12,Zamora,gasoleo_premium,1.6841,50
2026-07-12,Zamora,gasolina_95_e5,1.5667,79
2026-07-12,Zamora,gasolina_98_e5,1.747,44
2026-07-12,Zamora,glp,1.0468,5
2026-07-12,Zaragoza,gasoleo_a,1.5512,231
2026-07-12,Zaragoza,gasoleo_premium,1.6355,87
2026-07-12,Zaragoza,gasolina_95_e5,1.5596,219
2026-07-12,Zaragoza,gasolina_98_e5,1.7571,95
2026-07-12,Zaragoza,glp,1.037,10
2026-07-12,Ávila,gasoleo_a,1.6158,73
2026-07-12,Ávila,gasoleo_premium,1.7193,47
2026-07-12,Ávila,gasolina_95_e5,1.5889,72
2026-07-12,Ávila,gasolina_98_e5,1.7466,34
2026-07-12,Ávila,glp,1.1277,3
2026-07-13,Albacete,gasoleo_a,1.5916,150
2026-07-13,Albacete,gasoleo_premium,1.7169,67
2026-07-13,Albacete,gasolina_95_e5,1.5506,141
2026-07-13,Albacete,gasolina_98_e5,1.7379,64
2026-07-13,Albacete,glp,1.0827,6
2026-07-13,Alicante,gasoleo_a,1.5516,481
2026-07-13,Alicante,gasoleo_premium,1.6609,277
2026-07-13,Alicante,gasolina_95_e5,1.5717,477
2026-07-13,Alicante,gasolina_98_e5,1.7747,260
2026-07-13,Alicante,glp,1.0393,46
2026-07-13,Almería,gasoleo_a,1.5586,231
2026-07-13,Almería,gasoleo_premium,1.669,119
2026-07-13,Almería,gasolina_95_e5,1.528,219
2026-07-13,Almería,gasolina_98_e5,1.7395,95
2026-07-13,Almería,glp,1.0824,21
2026-07-13,Araba/Álava,gasoleo_a,1.5841,72
2026-07-13,Araba/Álava,gasoleo_premium,1.6742,36
2026-07-13,Araba/Álava,gasolina_95_e5,1.5857,68
2026-07-13,Araba/Álava,gasolina_98_e5,1.7514,38
2026-07-13,Araba/Álava,glp,1.0791,9
2026-07-13,Asturias,gasoleo_a,1.6257,240
2026-07-13,Asturias,gasoleo_premium,1.7098,160
2026-07-13,Asturias,gasolina_95_e5,1.6112,224
2026-07-13,Asturias,gasolina_98_e5,1.769,141
2026-07-13,Asturias,glp,1.1099,23
2026-07-13,Badajoz,gasoleo_a,1.5725,280
2026-07-13,Badajoz,gasoleo_premium,1.6735,130
2026-07-13,Badajoz,gasolina_95_e5,1.5461,241
2026-07-13,Badajoz,gasolina_98_e5,1.7338,66
2026-07-13,Badajoz,glp,1.0877,7
2026-07-13,Balears (Illes),gasoleo_a,1.6722,216
2026-07-13,Balears (Illes),gasoleo_premium,1.7575,102
2026-07-13,Balears (Illes),gasolina_95_e5,1.6549,216
2026-07-13,Balears (Illes),gasolina_98_e5,1.8027,126
2026-07-13,Balears (Illes),glp,1.0573,21
2026-07-13,Barcelona,gasoleo_a,1.5422,784
2026-07-13,Barcelona,gasoleo_premium,1.6275,394
2026-07-13,Barcelona,gasolina_95_e5,1.5088,774
2026-07-13,Barcelona,gasolina_98_e5,1.7,440
2026-07-13,Barcelona,glp,1.0167,88
2026-07-13,Bizkaia,gasoleo_a,1.5904,128
2026-07-13,Bizkaia,gasoleo_premium,1.638,46
2026-07-13,Bizkaia,gasolina_95_e5,1.5812,126
2026-07-13,Bizkaia,gasolina_98_e5,1.7659,68
2026-07-13,Bizkaia,glp,1.1052,11
2026-07-13,Burgos,gasoleo_a,1.5803,137
2026-07-13,Burgos,gasoleo_premium,1.6616,76
2026-07-13,Burgos,gasolina_95_e5,1.5963,133
2026-07-13,Burgos,gasolina_98_e5,1.7824,57
2026-07-13,Burgos,glp,1.1038,13
2026-07-13,Cantabria,gasoleo_a,1.5735,166
2026-07-13,Cantabria,gasoleo_premium,1.6401,83
2026-07-13,Cantabria,gasolina_95_e5,1.5761,165
2026-07-13,Cantabria,gasolina_98_e5,1.7682,85
2026-07-13,Cantabria,glp,1.1076,29
2026-07-13,Castellón / Castelló,gasoleo_a,1.5564,197
2026-07-13,Castellón / Castelló,gasoleo_premium,1.6807,100
2026-07-13,Castellón / Castelló,gasolina_95_e5,1.5295,195
2026-07-13,Castellón / Castelló,gasolina_98_e5,1.7404,76
2026-07-13,Castellón / Castelló,glp,1.1026,10
2026-07-13,Ceuta,gasoleo_a,1.4278,10
2026-07-13,Ceuta,gasoleo_premium,1.4935,4
2026-07-13,Ceuta,gasolina_95_e5,1.4085,10
2026-07-13,Ceuta,gasolina_98_e5,1.4534,8
2026-07-13,Ciudad Real,gasoleo_a,1.5424,215
2026-07-13,Ciudad Real,gasoleo_premium,1.6561,59
2026-07-13,Ciudad Real,gasolina_95_e5,1.5277,194
2026-07-13,Ciudad Real,gasolina_98_e5,1.729,72
2026-07-13,Ciudad Real,glp,1.0498,15
2026-07-13,Coruña (A),gasoleo_a,1.5712,286
2026-07-13,Coruña (A),gasoleo_premium,1.6613,172
2026-07-13,Coruña (A),gasolina_95_e5,1.5569,283
2026-07-13,Coruña (A),gasolina_98_e5,1.7241,170
2026-07-13,Coruña (A),glp,0.9949,33
2026-07-13,Cuenca,gasoleo_a,1.5913,120
2026-07-13,Cuenca,gasoleo_premium,1.7347,58
2026-07-13,Cuenca,gasolina_95_e5,1.5837,108
2026-07-13,Cuenca,gasolina_98_e5,1.7701,40
2026-07-13,Cuenca,glp,1.0473,7
2026-07-13,Cáceres,gasoleo_a,1.6118,163
2026-07-13,Cáceres,gasoleo_premium,1.719,81
2026-07-13,Cáceres,gasolina_95_e5,1.5704,147
2026-07-13,Cáceres,gasolina_98_e5,1.7726,46
2026-07-13,Cáceres,glp,1.0797,7
2026-07-13,Cádiz,gasoleo_a,1.5619,288
2026-07-13,Cádiz,gasoleo_premium,1.6588,175
2026-07-13,Cádiz,gasolina_95_e5,1.5699,283
2026-07-13,Cádiz,gasolina_98_e5,1.7645,117
2026-07-13,Cádiz,glp,1.0526,26
2026-07-13,Córdoba,gasoleo_a,1.5915,208
2026-07-13,Córdoba,gasoleo_premium,1.6843,103
2026-07-13,Córdoba,gasolina_95_e5,1.5446,203
2026-07-13,Córdoba,gasolina_98_e5,1.7252,66
2026-07-13,Córdoba,glp,1.0875,13
2026-07-13,Gipuzkoa,gasoleo_a,1.5821,145
2026-07-13,Gipuzkoa,gasoleo_premium,1.6757,80
2026-07-13,Gipuzkoa,gasolina_95_e5,1.5698,131
2026-07-13,Gipuzkoa,gasolina_98_e5,1.7664,77
2026-07-13,Gipuzkoa,glp,1.0484,19
2026-07-13,Girona,gasoleo_a,1.5582,266
2026-07-13,Girona,gasoleo_premium,1.6819,149
2026-07-13,Girona,gasolina_95_e5,1.5701,256
2026-07-13,Girona,gasolina_98_e5,1.7575,155
2026-07-13,Girona,glp,1.0902,25
2026-07-13,Granada,gasoleo_a,1.5414,281
2026-07-13,Granada,gasoleo_premium,1.6572,170
2026-07-13,Granada,gasolina_95_e5,1.5297,277
2026-07-13,Granada,gasolina_98_e5,1.7229,152
2026-07-13,Granada,glp,1.0128,23
2026-07-13,Guadalajara,gasoleo_a,1.5773,89
2026-07-13,Guadalajara,gasoleo_premium,1.6664,44
2026-07-13,Guadalajara,gasolina_95_e5,1.5686,87
2026-07-13,Guadalajara,gasolina_98_e5,1.7839,43
2026-07-13,Guadalajara,glp,1.0118,6
2026-07-13,Huelva,gasoleo_a,1.6046,139
2026-07-13,Huelva,gasoleo_premium,1.7144,59
2026-07-13,Huelva,gasolina_95_e5,1.5928,134
2026-07-13,Huelva,gasolina_98_e5,1.7751,48
2026-07-13,Huelva,glp,1.0792,6
2026-07-13,Huesca,gasoleo_a,1.5865,121
2026-07-13,Huesca,gasoleo_premium,1.6856,58
2026-07-13,Huesca,gasolina_95_e5,1.5467,111
2026-07-13,Huesca,gasolina_98_e5,1.7286,53
2026-07-13,Huesca,glp,1.1043,3
2026-07-13,Jaén,gasoleo_a,1.5912,212
2026-07-13,Jaén,gasoleo_premium,1.681,101
2026-07-13,Jaén,gasolina_95_e5,1.5458,208
2026-07-13,Jaén,gasolina_98_e5,1.7413,80
2026-07-13,Jaén,glp,1.0564,14
2026-07-13,León,gasoleo_a,1.5987,163
2026-07-13,León,gasoleo_premium,1.6815,112
2026-07-13,León,gasolina_95_e5,1.5729,157
2026-07-13,León,gasolina_98_e5,1.7459,95
2026-07-13,León,glp,1.1031,8
2026-07-13,Lleida,gasoleo_a,1.5177,182
2026-07-13,Lleida,gasoleo_premium,1.6241,79
2026-07-13,Lleida,gasolina_95_e5,1.5071,166
2026-07-13,Lleida,gasolina_98_e5,1.7011,78
2026-07-13,Lleida,glp,1.1463,7
2026-07-13,Lugo,gasoleo_a,1.5964,128
2026-07-13,Lugo,gasoleo_premium,1.697,66
2026-07-13,Lugo,gasolina_95_e5,1.586,126
2026-07-13,Lugo,gasolina_98_e5,1.7618,60
2026-07-13,Lugo,glp,1.056,7
2026-07-13,Madrid,gasoleo_a,1.5763,862
2026-07-13,Madrid,gasoleo_premium,1.6633,453
2026-07-13,Madrid,gasolina_95_e5,1.5727,857
2026-07-13,Madrid,gasolina_98_e5,1.7711,416
2026-07-13,Madrid,glp,1.0273,134
2026-07-13,Melilla,gasoleo_a,1.3745,11
2026-07-13,Melilla,gasoleo_premium,1.421,7
2026-07-13,Melilla,gasolina_95_e5,1.4207,11
2026-07-13,Murcia,gasoleo_a,1.542,457
2026-07-13,Murcia,gasoleo_premium,1.6208,234
2026-07-13,Murcia,gasolina_95_e5,1.5327,434
2026-07-13,Murcia,gasolina_98_e5,1.7125,237
2026-07-13,Murcia,glp,1.0436,44
2026-07-13,Málaga,gasoleo_a,1.609,304
2026-07-13,Málaga,gasoleo_premium,1.7101,209
2026-07-13,Málaga,gasolina_95_e5,1.5974,301
2026-07-13,Málaga,gasolina_98_e5,1.7741,165
2026-07-13,Málaga,glp,1.0367,33
2026-07-13,Navarra,gasoleo_a,1.5282,244
2026-07-13,Navarra,gasoleo_premium,1.6425,102
2026-07-13,Navarra,gasolina_95_e5,1.5423,220
2026-07-13,Navarra,gasolina_98_e5,1.7568,63
2026-07-13,Navarra,glp,1.09,20
2026-07-13,Ourense,gasoleo_a,1.5998,88
2026-07-13,Ourense,gasoleo_premium,1.6825,57
2026-07-13,Ourense,gasolina_95_e5,1.5869,88
2026-07-13,Ourense,gasolina_98_e5,1.7473,61
2026-07-13,Ourense,glp,1.0852,5
2026-07-13,Palencia,gasoleo_a,1.5906,68
2026-07-13,Palencia,gasoleo_premium,1.6893,45
2026-07-13,Palencia,gasolina_95_e5,1.5724,65
2026-07-13,Palencia,gasolina_98_e5,1.7596,37
2026-07-13,Palencia,glp,1.1078,4
2026-07-13,Palmas (Las),gasoleo_a,1.4108,258
2026-07-13,Palmas (Las),gasoleo_premium,1.5313,156
2026-07-13,Palmas (Las),gasolina_95_e5,1.3742,257
2026-07-13,Palmas (Las),gasolina_98_e5,1.5089,227
2026-07-13,Palmas (Las),glp,0.9187,19
2026-07-13,Pontevedra,gasoleo_a,1.581,225
2026-07-13,Pontevedra,gasoleo_premium,1.6949,143
2026-07-13,Pontevedra,gasolina_95_e5,1.5688,223
2026-07-13,Pontevedra,gasolina_98_e5,1.7363,134
2026-07-13,Pontevedra,glp,1.1108,18
2026-07-13,Rioja (La),gasoleo_a,1.5414,84
2026-07-13,Rioja (La),gasoleo_premium,1.6564,40
2026-07-13,Rioja (La),gasolina_95_e5,1.5424,81
2026-07-13,Rioja (La),gasolina_98_e5,1.7231,37
2026-07-13,Rioja (La),glp,1.1358,5
2026-07-13,Salamanca,gasoleo_a,1.5696,110
2026-07-13,Salamanca,gasoleo_premium,1.6956,65
2026-07-13,Salamanca,gasolina_95_e5,1.5505,106
2026-07-13,Salamanca,gasolina_98_e5,1.7458,52
2026-07-13,Salamanca,glp,1.1192,8
2026-07-13,Santa Cruz De Tenerife,gasoleo_a,1.4758,237
2026-07-13,Santa Cruz De Tenerife,gasoleo_premium,1.5894,129
2026-07-13,Santa Cruz De Tenerife,gasolina_95_e5,1.4219,238
2026-07-13,Santa Cruz De Tenerife,gasolina_98_e5,1.5433,224
2026-07-13,Santa Cruz De Tenerife,glp,0.9259,10
2026-07-13,Segovia,gasoleo_a,1.5856,76
2026-07-13,Segovia,gasoleo_premium,1.6745,43
2026-07-13,Segovia,gasolina_95_e5,1.5748,75
2026-07-13,Segovia,gasolina_98_e5,1.7644,37
2026-07-13,Segovia,glp,1.0902,4
2026-07-13,Sevilla,gasoleo_a,1.5694,441
2026-07-13,Sevilla,gasoleo_premium,1.6776,235
2026-07-13,Sevilla,gasolina_95_e5,1.5352,434
2026-07-13,Sevilla,gasolina_98_e5,1.7402,147
2026-07-13,Sevilla,glp,1.0236,37
2026-07-13,Soria,gasoleo_a,1.5316,41
2026-07-13,Soria,gasoleo_premium,1.6079,20
2026-07-13,Soria,gasolina_95_e5,1.5246,42
2026-07-13,Soria,gasolina_98_e5,1.7268,17
2026-07-13,Soria,glp,1.0432,5
2026-07-13,Tarragona,gasoleo_a,1.5294,228
2026-07-13,Tarragona,gasoleo_premium,1.6462,124
2026-07-13,Tarragona,gasolina_95_e5,1.5373,216
2026-07-13,Tarragona,gasolina_98_e5,1.7274,123
2026-07-13,Tarragona,glp,1.0296,28
2026-07-13,Teruel,gasoleo_a,1.5573,69
2026-07-13,Teruel,gasoleo_premium,1.69,33
2026-07-13,Teruel,gasolina_95_e5,1.5526,64
2026-07-13,Teruel,gasolina_98_e5,1.7209,30
2026-07-13,Teruel,glp,1.092,4
2026-07-13,Toledo,gasoleo_a,1.5864,241
2026-07-13,Toledo,gasoleo_premium,1.6778,117
2026-07-13,Toledo,gasolina_95_e5,1.5748,238
2026-07-13,Toledo,gasolina_98_e5,1.7728,119
2026-07-13,Toledo,glp,1.0272,29
2026-07-13,Valencia / València,gasoleo_a,1.5322,629
2026-07-13,Valencia / València,gasoleo_premium,1.6478,311
2026-07-13,Valencia / València,gasolina_95_e5,1.5377,614
2026-07-13,Valencia / València,gasolina_98_e5,1.7596,281
2026-07-13,Valencia / València,glp,1.0127,49
2026-07-13,Valladolid,gasoleo_a,1.5756,151
2026-07-13,Valladolid,gasoleo_premium,1.6642,78
2026-07-13,Valladolid,gasolina_95_e5,1.5665,146
2026-07-13,Valladolid,gasolina_98_e5,1.7919,71
2026-07-13,Valladolid,glp,1.0507,17
2026-07-13,Zamora,gasoleo_a,1.5684,85
2026-07-13,Zamora,gasoleo_premium,1.6842,50
2026-07-13,Zamora,gasolina_95_e5,1.5674,79
2026-07-13,Zamora,gasolina_98_e5,1.7473,44
2026-07-13,Zamora,glp,1.0468,5
2026-07-13,Zaragoza,gasoleo_a,1.5538,232
2026-07-13,Zaragoza,gasoleo_premium,1.6361,87
2026-07-13,Zaragoza,gasolina_95_e5,1.5617,219
2026-07-13,Zaragoza,gasolina_98_e5,1.7566,95
2026-07-13,Zaragoza,glp,1.039,10
2026-07-13,Ávila,gasoleo_a,1.618,72
2026-07-13,Ávila,gasoleo_premium,1.7241,46
2026-07-13,Ávila,gasolina_95_e5,1.5904,71
2026-07-13,Ávila,gasolina_98_e5,1.7466,34
2026-07-13,Ávila,glp,1.1277,3
2026-07-14,Albacete,gasoleo_a,1.5975,150
2026-07-14,Albacete,gasoleo_premium,1.7227,67
2026-07-14,Albacete,gasolina_95_e5,1.5551,141
2026-07-14,Albacete,gasolina_98_e5,1.7395,64
2026-07-14,Albacete,glp,1.0827,6
2026-07-14,Alicante,gasoleo_a,1.5621,482
2026-07-14,Alicante,gasoleo_premium,1.6688,278
2026-07-14,Alicante,gasolina_95_e5,1.5811,478
2026-07-14,Alicante,gasolina_98_e5,1.7761,261
2026-07-14,Alicante,glp,1.0393,46
2026-07-14,Almería,gasoleo_a,1.5654,231
2026-07-14,Almería,gasoleo_premium,1.6746,119
2026-07-14,Almería,gasolina_95_e5,1.5332,219
2026-07-14,Almería,gasolina_98_e5,1.7415,95
2026-07-14,Almería,glp,1.082,21
2026-07-14,Araba/Álava,gasoleo_a,1.5875,72
2026-07-14,Araba/Álava,gasoleo_premium,1.6747,36
2026-07-14,Araba/Álava,gasolina_95_e5,1.5845,68
2026-07-14,Araba/Álava,gasolina_98_e5,1.7543,38
2026-07-14,Araba/Álava,glp,1.0791,9
2026-07-14,Asturias,gasoleo_a,1.6275,240
2026-07-14,Asturias,gasoleo_premium,1.7123,160
2026-07-14,Asturias,gasolina_95_e5,1.6122,224
2026-07-14,Asturias,gasolina_98_e5,1.7693,141
2026-07-14,Asturias,glp,1.1099,23
2026-07-14,Badajoz,gasoleo_a,1.5758,280
2026-07-14,Badajoz,gasoleo_premium,1.6752,130
2026-07-14,Badajoz,gasolina_95_e5,1.5473,241
2026-07-14,Badajoz,gasolina_98_e5,1.7343,66
2026-07-14,Badajoz,glp,1.0877,7
2026-07-14,Balears (Illes),gasoleo_a,1.6756,215
2026-07-14,Balears (Illes),gasoleo_premium,1.7615,101
2026-07-14,Balears (Illes),gasolina_95_e5,1.6582,215
2026-07-14,Balears (Illes),gasolina_98_e5,1.804,126
2026-07-14,Balears (Illes),glp,1.0481,21
2026-07-14,Barcelona,gasoleo_a,1.547,786
2026-07-14,Barcelona,gasoleo_premium,1.6308,396
2026-07-14,Barcelona,gasolina_95_e5,1.5103,776
2026-07-14,Barcelona,gasolina_98_e5,1.7007,442
2026-07-14,Barcelona,glp,1.0151,88
2026-07-14,Bizkaia,gasoleo_a,1.5936,128
2026-07-14,Bizkaia,gasoleo_premium,1.641,46
2026-07-14,Bizkaia,gasolina_95_e5,1.5828,126
2026-07-14,Bizkaia,gasolina_98_e5,1.7694,68
2026-07-14,Bizkaia,glp,1.1043,11
2026-07-14,Burgos,gasoleo_a,1.5822,137
2026-07-14,Burgos,gasoleo_premium,1.6637,76
2026-07-14,Burgos,gasolina_95_e5,1.5995,133
2026-07-14,Burgos,gasolina_98_e5,1.7838,57
2026-07-14,Burgos,glp,1.1038,13
2026-07-14,Cantabria,gasoleo_a,1.5832,166
2026-07-14,Cantabria,gasoleo_premium,1.6507,83
2026-07-14,Cantabria,gasolina_95_e5,1.5836,165
2026-07-14,Cantabria,gasolina_98_e5,1.768,85
2026-07-14,Cantabria,glp,1.1076,29
2026-07-14,Castellón / Castelló,gasoleo_a,1.5619,197
2026-07-14,Castellón / Castelló,gasoleo_premium,1.6836,100
2026-07-14,Castellón / Castelló,gasolina_95_e5,1.532,195
2026-07-14,Castellón / Castelló,gasolina_98_e5,1.7394,76
2026-07-14,Castellón / Castelló,glp,1.1026,10
2026-07-14,Ceuta,gasoleo_a,1.4582,10
2026-07-14,Ceuta,gasoleo_premium,1.4835,4
2026-07-14,Ceuta,gasolina_95_e5,1.4385,10
2026-07-14,Ceuta,gasolina_98_e5,1.4834,8
2026-07-14,Ciudad Real,gasoleo_a,1.5483,216
2026-07-14,Ciudad Real,gasoleo_premium,1.6598,59
2026-07-14,Ciudad Real,gasolina_95_e5,1.5308,195
2026-07-14,Ciudad Real,gasolina_98_e5,1.7313,72
2026-07-14,Ciudad Real,glp,1.0471,15
2026-07-14,Coruña (A),gasoleo_a,1.5765,286
2026-07-14,Coruña (A),gasoleo_premium,1.6646,172
2026-07-14,Coruña (A),gasolina_95_e5,1.5608,283
2026-07-14,Coruña (A),gasolina_98_e5,1.7267,170
2026-07-14,Coruña (A),glp,0.9937,33
2026-07-14,Cuenca,gasoleo_a,1.5927,120
2026-07-14,Cuenca,gasoleo_premium,1.7315,58
2026-07-14,Cuenca,gasolina_95_e5,1.5836,108
2026-07-14,Cuenca,gasolina_98_e5,1.771,40
2026-07-14,Cuenca,glp,1.0473,7
2026-07-14,Cáceres,gasoleo_a,1.615,163
2026-07-14,Cáceres,gasoleo_premium,1.7217,81
2026-07-14,Cáceres,gasolina_95_e5,1.5719,147
2026-07-14,Cáceres,gasolina_98_e5,1.7723,46
2026-07-14,Cáceres,glp,1.0797,7
2026-07-14,Cádiz,gasoleo_a,1.5679,288
2026-07-14,Cádiz,gasoleo_premium,1.6619,175
2026-07-14,Cádiz,gasolina_95_e5,1.5797,283
2026-07-14,Cádiz,gasolina_98_e5,1.7697,117
2026-07-14,Cádiz,glp,1.0507,26
2026-07-14,Córdoba,gasoleo_a,1.5966,207
2026-07-14,Córdoba,gasoleo_premium,1.6868,102
2026-07-14,Córdoba,gasolina_95_e5,1.5472,202
2026-07-14,Córdoba,gasolina_98_e5,1.7251,66
2026-07-14,Córdoba,glp,1.0875,13
2026-07-14,Gipuzkoa,gasoleo_a,1.5907,145
2026-07-14,Gipuzkoa,gasoleo_premium,1.6833,80
2026-07-14,Gipuzkoa,gasolina_95_e5,1.5787,131
2026-07-14,Gipuzkoa,gasolina_98_e5,1.7689,77
2026-07-14,Gipuzkoa,glp,1.0484,19
2026-07-14,Girona,gasoleo_a,1.5633,266
2026-07-14,Girona,gasoleo_premium,1.6851,149
2026-07-14,Girona,gasolina_95_e5,1.5731,256
2026-07-14,Girona,gasolina_98_e5,1.7585,155
2026-07-14,Girona,glp,1.0874,25
2026-07-14,Granada,gasoleo_a,1.5485,280
2026-07-14,Granada,gasoleo_premium,1.6613,169
2026-07-14,Granada,gasolina_95_e5,1.5339,276
2026-07-14,Granada,gasolina_98_e5,1.7263,151
2026-07-14,Granada,glp,1.0128,23
2026-07-14,Guadalajara,gasoleo_a,1.5819,89
2026-07-14,Guadalajara,gasoleo_premium,1.6715,44
2026-07-14,Guadalajara,gasolina_95_e5,1.5735,87
2026-07-14,Guadalajara,gasolina_98_e5,1.787,43
2026-07-14,Guadalajara,glp,1.0135,6
2026-07-14,Huelva,gasoleo_a,1.6109,140
2026-07-14,Huelva,gasoleo_premium,1.7238,60
2026-07-14,Huelva,gasolina_95_e5,1.5957,135
2026-07-14,Huelva,gasolina_98_e5,1.7804,48
2026-07-14,Huelva,glp,1.0792,6
2026-07-14,Huesca,gasoleo_a,1.5905,121
2026-07-14,Huesca,gasoleo_premium,1.6925,58
2026-07-14,Huesca,gasolina_95_e5,1.549,111
2026-07-14,Huesca,gasolina_98_e5,1.7292,53
2026-07-14,Huesca,glp,1.1043,3
2026-07-14,Jaén,gasoleo_a,1.5979,212
2026-07-14,Jaén,gasoleo_premium,1.6891,100
2026-07-14,Jaén,gasolina_95_e5,1.5507,208
2026-07-14,Jaén,gasolina_98_e5,1.7416,80
2026-07-14,Jaén,glp,1.0364,14
2026-07-14,León,gasoleo_a,1.6004,163
2026-07-14,León,gasoleo_premium,1.6828,112
2026-07-14,León,gasolina_95_e5,1.5735,157
2026-07-14,León,gasolina_98_e5,1.7466,95
2026-07-14,León,glp,1.1031,8
2026-07-14,Lleida,gasoleo_a,1.5265,182
2026-07-14,Lleida,gasoleo_premium,1.6301,79
2026-07-14,Lleida,gasolina_95_e5,1.5117,166
2026-07-14,Lleida,gasolina_98_e5,1.7029,78
2026-07-14,Lleida,glp,1.1463,7
2026-07-14,Lugo,gasoleo_a,1.6008,127
2026-07-14,Lugo,gasoleo_premium,1.6983,65
2026-07-14,Lugo,gasolina_95_e5,1.5879,125
2026-07-14,Lugo,gasolina_98_e5,1.7588,60
2026-07-14,Lugo,glp,1.056,7
2026-07-14,Madrid,gasoleo_a,1.5818,862
2026-07-14,Madrid,gasoleo_premium,1.6669,451
2026-07-14,Madrid,gasolina_95_e5,1.5778,857
2026-07-14,Madrid,gasolina_98_e5,1.7704,416
2026-07-14,Madrid,glp,1.0262,134
2026-07-14,Melilla,gasoleo_a,1.3772,11
2026-07-14,Melilla,gasoleo_premium,1.421,7
2026-07-14,Melilla,gasolina_95_e5,1.4207,11
2026-07-14,Murcia,gasoleo_a,1.5477,457
2026-07-14,Murcia,gasoleo_premium,1.6229,234
2026-07-14,Murcia,gasolina_95_e5,1.5369,434
2026-07-14,Murcia,gasolina_98_e5,1.7124,236
2026-07-14,Murcia,glp,1.0436,44
2026-07-14,Málaga,gasoleo_a,1.6161,304
2026-07-14,Málaga,gasoleo_premium,1.7134,209
2026-07-14,Málaga,gasolina_95_e5,1.6022,301
2026-07-14,Málaga,gasolina_98_e5,1.7748,165
2026-07-14,Málaga,glp,1.0356,34
2026-07-14,Navarra,gasoleo_a,1.531,244
2026-07-14,Navarra,gasoleo_premium,1.6433,102
2026-07-14,Navarra,gasolina_95_e5,1.5437,220
2026-07-14,Navarra,gasolina_98_e5,1.7575,63
2026-07-14,Navarra,glp,1.09,20
2026-07-14,Ourense,gasoleo_a,1.6047,89
2026-07-14,Ourense,gasoleo_premium,1.6846,58
2026-07-14,Ourense,gasolina_95_e5,1.589,89
2026-07-14,Ourense,gasolina_98_e5,1.7452,62
2026-07-14,Ourense,glp,1.0612,5
2026-07-14,Palencia,gasoleo_a,1.5935,67
2026-07-14,Palencia,gasoleo_premium,1.6924,44
2026-07-14,Palencia,gasolina_95_e5,1.5752,66
2026-07-14,Palencia,gasolina_98_e5,1.757,37
2026-07-14,Palencia,glp,1.1078,4
2026-07-14,Palmas (Las),gasoleo_a,1.4152,258
2026-07-14,Palmas (Las),gasoleo_premium,1.5301,156
2026-07-14,Palmas (Las),gasolina_95_e5,1.3775,257
2026-07-14,Palmas (Las),gasolina_98_e5,1.5068,227
2026-07-14,Palmas (Las),glp,0.9187,19
2026-07-14,Pontevedra,gasoleo_a,1.5887,225
2026-07-14,Pontevedra,gasoleo_premium,1.6978,141
2026-07-14,Pontevedra,gasolina_95_e5,1.5749,223
2026-07-14,Pontevedra,gasolina_98_e5,1.7386,134
2026-07-14,Pontevedra,glp,1.1091,18
2026-07-14,Rioja (La),gasoleo_a,1.5457,84
2026-07-14,Rioja (La),gasoleo_premium,1.6636,40
2026-07-14,Rioja (La),gasolina_95_e5,1.5438,81
2026-07-14,Rioja (La),gasolina_98_e5,1.7247,37
2026-07-14,Rioja (La),glp,1.1394,5
2026-07-14,Salamanca,gasoleo_a,1.5753,110
2026-07-14,Salamanca,gasoleo_premium,1.6987,65
2026-07-14,Salamanca,gasolina_95_e5,1.5551,106
2026-07-14,Salamanca,gasolina_98_e5,1.7484,52
2026-07-14,Salamanca,glp,1.1192,8
2026-07-14,Santa Cruz De Tenerife,gasoleo_a,1.476,239
2026-07-14,Santa Cruz De Tenerife,gasoleo_premium,1.5855,129
2026-07-14,Santa Cruz De Tenerife,gasolina_95_e5,1.4214,240
2026-07-14,Santa Cruz De Tenerife,gasolina_98_e5,1.5393,226
2026-07-14,Santa Cruz De Tenerife,glp,0.9259,10
2026-07-14,Segovia,gasoleo_a,1.5905,76
2026-07-14,Segovia,gasoleo_premium,1.6771,43
2026-07-14,Segovia,gasolina_95_e5,1.5796,75
2026-07-14,Segovia,gasolina_98_e5,1.7666,37
2026-07-14,Segovia,glp,1.0902,4
2026-07-14,Sevilla,gasoleo_a,1.5744,440
2026-07-14,Sevilla,gasoleo_premium,1.6809,235
2026-07-14,Sevilla,gasolina_95_e5,1.5399,433
2026-07-14,Sevilla,gasolina_98_e5,1.743,147
2026-07-14,Sevilla,glp,1.0226,37
2026-07-14,Soria,gasoleo_a,1.5287,41
2026-07-14,Soria,gasoleo_premium,1.6081,20
2026-07-14,Soria,gasolina_95_e5,1.5269,42
2026-07-14,Soria,gasolina_98_e5,1.7312,17
2026-07-14,Soria,glp,1.0432,5
2026-07-14,Tarragona,gasoleo_a,1.5405,226
2026-07-14,Tarragona,gasoleo_premium,1.654,123
2026-07-14,Tarragona,gasolina_95_e5,1.542,215
2026-07-14,Tarragona,gasolina_98_e5,1.7283,123
2026-07-14,Tarragona,glp,1.0276,28
2026-07-14,Teruel,gasoleo_a,1.5617,69
2026-07-14,Teruel,gasoleo_premium,1.6955,33
2026-07-14,Teruel,gasolina_95_e5,1.5552,64
2026-07-14,Teruel,gasolina_98_e5,1.7243,30
2026-07-14,Teruel,glp,1.092,4
2026-07-14,Toledo,gasoleo_a,1.592,242
2026-07-14,Toledo,gasoleo_premium,1.6825,118
2026-07-14,Toledo,gasolina_95_e5,1.5792,239
2026-07-14,Toledo,gasolina_98_e5,1.7742,119
2026-07-14,Toledo,glp,1.0213,29
2026-07-14,Valencia / València,gasoleo_a,1.5396,629
2026-07-14,Valencia / València,gasoleo_premium,1.6503,311
2026-07-14,Valencia / València,gasolina_95_e5,1.5419,614
2026-07-14,Valencia / València,gasolina_98_e5,1.7587,281
2026-07-14,Valencia / València,glp,1.0127,49
2026-07-14,Valladolid,gasoleo_a,1.5807,151
2026-07-14,Valladolid,gasoleo_premium,1.6669,78
2026-07-14,Valladolid,gasolina_95_e5,1.5714,146
2026-07-14,Valladolid,gasolina_98_e5,1.7926,71
2026-07-14,Valladolid,glp,1.0507,17
2026-07-14,Zamora,gasoleo_a,1.5737,85
2026-07-14,Zamora,gasoleo_premium,1.6857,50
2026-07-14,Zamora,gasolina_95_e5,1.5678,79
2026-07-14,Zamora,gasolina_98_e5,1.744,44
2026-07-14,Zamora,glp,1.0468,5
2026-07-14,Zaragoza,gasoleo_a,1.5594,232
2026-07-14,Zaragoza,gasoleo_premium,1.6395,87
2026-07-14,Zaragoza,gasolina_95_e5,1.5644,219
2026-07-14,Zaragoza,gasolina_98_e5,1.759,95
2026-07-14,Zaragoza,glp,1.0354,11
2026-07-14,Ávila,gasoleo_a,1.6199,72
2026-07-14,Ávila,gasoleo_premium,1.7256,46
2026-07-14,Ávila,gasolina_95_e5,1.5927,71
2026-07-14,Ávila,gasolina_98_e5,1.7471,34
2026-07-14,Ávila,glp,1.0643,3
2026-07-15,Albacete,gasoleo_a,1.6167,150
2026-07-15,Albacete,gasoleo_premium,1.745,67
2026-07-15,Albacete,gasolina_95_e5,1.5647,141
2026-07-15,Albacete,gasolina_98_e5,1.7498,64
2026-07-15,Albacete,glp,1.0734,5
2026-07-15,Alicante,gasoleo_a,1.5808,480
2026-07-15,Alicante,gasoleo_premium,1.6889,277
2026-07-15,Alicante,gasolina_95_e5,1.5909,476
2026-07-15,Alicante,gasolina_98_e5,1.786,260
2026-07-15,Alicante,glp,1.0362,44
2026-07-15,Almería,gasoleo_a,1.5825,230
2026-07-15,Almería,gasoleo_premium,1.6881,119
2026-07-15,Almería,gasolina_95_e5,1.5424,218
2026-07-15,Almería,gasolina_98_e5,1.7501,95
2026-07-15,Almería,glp,1.0738,20
2026-07-15,Araba/Álava,gasoleo_a,1.6139,72
2026-07-15,Araba/Álava,gasoleo_premium,1.7022,36
2026-07-15,Araba/Álava,gasolina_95_e5,1.599,68
2026-07-15,Araba/Álava,gasolina_98_e5,1.7672,38
2026-07-15,Araba/Álava,glp,1.0884,9
2026-07-15,Asturias,gasoleo_a,1.6476,240
2026-07-15,Asturias,gasoleo_premium,1.7317,160
2026-07-15,Asturias,gasolina_95_e5,1.6208,224
2026-07-15,Asturias,gasolina_98_e5,1.7783,141
2026-07-15,Asturias,glp,1.1055,22
2026-07-15,Badajoz,gasoleo_a,1.5942,279
2026-07-15,Badajoz,gasoleo_premium,1.697,130
2026-07-15,Badajoz,gasolina_95_e5,1.5562,240
2026-07-15,Badajoz,gasolina_98_e5,1.7461,65
2026-07-15,Badajoz,glp,1.0877,7
2026-07-15,Balears (Illes),gasoleo_a,1.695,215
2026-07-15,Balears (Illes),gasoleo_premium,1.7821,101
2026-07-15,Balears (Illes),gasolina_95_e5,1.6696,215
2026-07-15,Balears (Illes),gasolina_98_e5,1.8148,126
2026-07-15,Balears (Illes),glp,1.0479,21
2026-07-15,Barcelona,gasoleo_a,1.5741,787
2026-07-15,Barcelona,gasoleo_premium,1.6576,396
2026-07-15,Barcelona,gasolina_95_e5,1.5216,777
2026-07-15,Barcelona,gasolina_98_e5,1.7109,442
2026-07-15,Barcelona,glp,1.0132,86
2026-07-15,Bizkaia,gasoleo_a,1.6168,126
2026-07-15,Bizkaia,gasoleo_premium,1.6575,44
2026-07-15,Bizkaia,gasolina_95_e5,1.595,126
2026-07-15,Bizkaia,gasolina_98_e5,1.7787,68
2026-07-15,Bizkaia,glp,1.1037,11
2026-07-15,Burgos,gasoleo_a,1.6103,136
2026-07-15,Burgos,gasoleo_premium,1.6931,75
2026-07-15,Burgos,gasolina_95_e5,1.6133,132
2026-07-15,Burgos,gasolina_98_e5,1.7958,57
2026-07-15,Burgos,glp,1.08,8
2026-07-15,Cantabria,gasoleo_a,1.6067,166
2026-07-15,Cantabria,gasoleo_premium,1.6688,83
2026-07-15,Cantabria,gasolina_95_e5,1.5958,165
2026-07-15,Cantabria,gasolina_98_e5,1.7783,85
2026-07-15,Cantabria,glp,1.1037,26
2026-07-15,Castellón / Castelló,gasoleo_a,1.5766,197
2026-07-15,Castellón / Castelló,gasoleo_premium,1.7001,100
2026-07-15,Castellón / Castelló,gasolina_95_e5,1.5392,195
2026-07-15,Castellón / Castelló,gasolina_98_e5,1.7467,76
2026-07-15,Castellón / Castelló,glp,1.1046,10
2026-07-15,Ceuta,gasoleo_a,1.4742,10
2026-07-15,Ceuta,gasoleo_premium,1.5235,4
2026-07-15,Ceuta,gasolina_95_e5,1.4543,10
2026-07-15,Ceuta,gasolina_98_e5,1.4834,8
2026-07-15,Ciudad Real,gasoleo_a,1.5705,216
2026-07-15,Ciudad Real,gasoleo_premium,1.6842,59
2026-07-15,Ciudad Real,gasolina_95_e5,1.54,195
2026-07-15,Ciudad Real,gasolina_98_e5,1.74,72
2026-07-15,Ciudad Real,glp,1.0485,15
2026-07-15,Coruña (A),gasoleo_a,1.6019,287
2026-07-15,Coruña (A),gasoleo_premium,1.6889,173
2026-07-15,Coruña (A),gasolina_95_e5,1.5743,284
2026-07-15,Coruña (A),gasolina_98_e5,1.7411,170
2026-07-15,Coruña (A),glp,0.9954,32
2026-07-15,Cuenca,gasoleo_a,1.6153,118
2026-07-15,Cuenca,gasoleo_premium,1.7533,58
2026-07-15,Cuenca,gasolina_95_e5,1.594,107
2026-07-15,Cuenca,gasolina_98_e5,1.7787,40
2026-07-15,Cuenca,glp,1.0379,7
2026-07-15,Cáceres,gasoleo_a,1.6357,163
2026-07-15,Cáceres,gasoleo_premium,1.7457,81
2026-07-15,Cáceres,gasolina_95_e5,1.5842,147
2026-07-15,Cáceres,gasolina_98_e5,1.7852,46
2026-07-15,Cáceres,glp,1.0518,5
2026-07-15,Cádiz,gasoleo_a,1.591,288
2026-07-15,Cádiz,gasoleo_premium,1.6856,175
2026-07-15,Cádiz,gasolina_95_e5,1.5936,284
2026-07-15,Cádiz,gasolina_98_e5,1.7809,117
2026-07-15,Cádiz,glp,1.048,26
2026-07-15,Córdoba,gasoleo_a,1.617,207
2026-07-15,Córdoba,gasoleo_premium,1.7075,102
2026-07-15,Córdoba,gasolina_95_e5,1.5563,202
2026-07-15,Córdoba,gasolina_98_e5,1.7312,66
2026-07-15,Córdoba,glp,1.0859,13
2026-07-15,Gipuzkoa,gasoleo_a,1.6182,145
2026-07-15,Gipuzkoa,gasoleo_premium,1.7077,80
2026-07-15,Gipuzkoa,gasolina_95_e5,1.591,131
2026-07-15,Gipuzkoa,gasolina_98_e5,1.7769,77
2026-07-15,Gipuzkoa,glp,1.0381,16
2026-07-15,Girona,gasoleo_a,1.5881,268
2026-07-15,Girona,gasoleo_premium,1.7086,149
2026-07-15,Girona,gasolina_95_e5,1.5845,258
2026-07-15,Girona,gasolina_98_e5,1.7681,156
2026-07-15,Girona,glp,1.0881,25
2026-07-15,Granada,gasoleo_a,1.566,280
2026-07-15,Granada,gasoleo_premium,1.6781,169
2026-07-15,Granada,gasolina_95_e5,1.542,276
2026-07-15,Granada,gasolina_98_e5,1.7338,151
2026-07-15,Granada,glp,1.0132,23
2026-07-15,Guadalajara,gasoleo_a,1.6117,89
2026-07-15,Guadalajara,gasoleo_premium,1.6966,44
2026-07-15,Guadalajara,gasolina_95_e5,1.5856,87
2026-07-15,Guadalajara,gasolina_98_e5,1.7949,43
2026-07-15,Guadalajara,glp,1.0152,6
2026-07-15,Huelva,gasoleo_a,1.6326,140
2026-07-15,Huelva,gasoleo_premium,1.7456,60
2026-07-15,Huelva,gasolina_95_e5,1.6065,135
2026-07-15,Huelva,gasolina_98_e5,1.7888,48
2026-07-15,Huelva,glp,1.0574,5
2026-07-15,Huesca,gasoleo_a,1.6055,121
2026-07-15,Huesca,gasoleo_premium,1.7102,58
2026-07-15,Huesca,gasolina_95_e5,1.5567,111
2026-07-15,Huesca,gasolina_98_e5,1.7418,53
2026-07-15,Huesca,glp,1.1043,3
2026-07-15,Jaén,gasoleo_a,1.6135,212
2026-07-15,Jaén,gasoleo_premium,1.6992,101
2026-07-15,Jaén,gasolina_95_e5,1.5574,208
2026-07-15,Jaén,gasolina_98_e5,1.7507,80
2026-07-15,Jaén,glp,1.0332,13
2026-07-15,León,gasoleo_a,1.6261,163
2026-07-15,León,gasoleo_premium,1.7067,112
2026-07-15,León,gasolina_95_e5,1.5861,157
2026-07-15,León,gasolina_98_e5,1.7576,95
2026-07-15,León,glp,1.08,6
2026-07-15,Lleida,gasoleo_a,1.5441,182
2026-07-15,Lleida,gasoleo_premium,1.6535,79
2026-07-15,Lleida,gasolina_95_e5,1.5192,166
2026-07-15,Lleida,gasolina_98_e5,1.7103,78
2026-07-15,Lleida,glp,1.1463,7
2026-07-15,Lugo,gasoleo_a,1.6224,128
2026-07-15,Lugo,gasoleo_premium,1.723,66
2026-07-15,Lugo,gasolina_95_e5,1.5989,126
2026-07-15,Lugo,gasolina_98_e5,1.7712,60
2026-07-15,Lugo,glp,1.0589,7
2026-07-15,Madrid,gasoleo_a,1.6058,862
2026-07-15,Madrid,gasoleo_premium,1.6894,454
2026-07-15,Madrid,gasolina_95_e5,1.5914,857
2026-07-15,Madrid,gasolina_98_e5,1.7815,416
2026-07-15,Madrid,glp,1.0198,124
2026-07-15,Melilla,gasoleo_a,1.3781,11
2026-07-15,Melilla,gasoleo_premium,1.421,7
2026-07-15,Melilla,gasolina_95_e5,1.4235,11
2026-07-15,Murcia,gasoleo_a,1.5713,457
2026-07-15,Murcia,gasoleo_premium,1.6454,234
2026-07-15,Murcia,gasolina_95_e5,1.5491,434
2026-07-15,Murcia,gasolina_98_e5,1.7226,236
2026-07-15,Murcia,glp,1.0448,43
2026-07-15,Málaga,gasoleo_a,1.6348,305
2026-07-15,Málaga,gasoleo_premium,1.7338,209
2026-07-15,Málaga,gasolina_95_e5,1.6126,302
2026-07-15,Málaga,gasolina_98_e5,1.7845,165
2026-07-15,Málaga,glp,1.0356,34
2026-07-15,Navarra,gasoleo_a,1.5562,244
2026-07-15,Navarra,gasoleo_premium,1.6657,102
2026-07-15,Navarra,gasolina_95_e5,1.556,220
2026-07-15,Navarra,gasolina_98_e5,1.769,63
2026-07-15,Navarra,glp,1.0839,18
2026-07-15,Ourense,gasoleo_a,1.6299,89
2026-07-15,Ourense,gasoleo_premium,1.7096,58
2026-07-15,Ourense,gasolina_95_e5,1.597,89
2026-07-15,Ourense,gasolina_98_e5,1.754,62
2026-07-15,Ourense,glp,1.0632,5
2026-07-15,Palencia,gasoleo_a,1.6233,68
2026-07-15,Palencia,gasoleo_premium,1.7188,45
2026-07-15,Palencia,gasolina_95_e5,1.5882,66
2026-07-15,Palencia,gasolina_98_e5,1.77,38
2026-07-15,Palencia,glp,1.1172,4
2026-07-15,Palmas (Las),gasoleo_a,1.4149,258
2026-07-15,Palmas (Las),gasoleo_premium,1.5359,156
2026-07-15,Palmas (Las),gasolina_95_e5,1.3783,257
2026-07-15,Palmas (Las),gasolina_98_e5,1.5126,227
2026-07-15,Palmas (Las),glp,0.9187,19
2026-07-15,Pontevedra,gasoleo_a,1.609,225
2026-07-15,Pontevedra,gasoleo_premium,1.7184,141
2026-07-15,Pontevedra,gasolina_95_e5,1.5813,223
2026-07-15,Pontevedra,gasolina_98_e5,1.7483,134
2026-07-15,Pontevedra,glp,1.0954,15
2026-07-15,Rioja (La),gasoleo_a,1.5642,84
2026-07-15,Rioja (La),gasoleo_premium,1.6804,40
2026-07-15,Rioja (La),gasolina_95_e5,1.5522,81
2026-07-15,Rioja (La),gasolina_98_e5,1.7375,37
2026-07-15,Rioja (La),glp,1.1406,5
2026-07-15,Salamanca,gasoleo_a,1.597,109
2026-07-15,Salamanca,gasoleo_premium,1.7249,64
2026-07-15,Salamanca,gasolina_95_e5,1.5615,105
2026-07-15,Salamanca,gasolina_98_e5,1.757,52
2026-07-15,Salamanca,glp,1.114,7
2026-07-15,Santa Cruz De Tenerife,gasoleo_a,1.4781,239
2026-07-15,Santa Cruz De Tenerife,gasoleo_premium,1.5892,129
2026-07-15,Santa Cruz De Tenerife,gasolina_95_e5,1.4242,240
2026-07-15,Santa Cruz De Tenerife,gasolina_98_e5,1.5458,226
2026-07-15,Santa Cruz De Tenerife,glp,0.9259,10
2026-07-15,Segovia,gasoleo_a,1.6191,76
2026-07-15,Segovia,gasoleo_premium,1.7067,43
2026-07-15,Segovia,gasolina_95_e5,1.5949,75
2026-07-15,Segovia,gasolina_98_e5,1.7818,37
2026-07-15,Segovia,glp,1.0672,4
2026-07-15,Sevilla,gasoleo_a,1.5912,441
2026-07-15,Sevilla,gasoleo_premium,1.7006,235
2026-07-15,Sevilla,gasolina_95_e5,1.5482,434
2026-07-15,Sevilla,gasolina_98_e5,1.7496,147
2026-07-15,Sevilla,glp,1.0189,36
2026-07-15,Soria,gasoleo_a,1.5575,41
2026-07-15,Soria,gasoleo_premium,1.6311,20
2026-07-15,Soria,gasolina_95_e5,1.5363,42
2026-07-15,Soria,gasolina_98_e5,1.7398,17
2026-07-15,Soria,glp,1.0155,4
2026-07-15,Tarragona,gasoleo_a,1.565,226
2026-07-15,Tarragona,gasoleo_premium,1.6804,123
2026-07-15,Tarragona,gasolina_95_e5,1.5535,215
2026-07-15,Tarragona,gasolina_98_e5,1.7375,123
2026-07-15,Tarragona,glp,1.0162,26
2026-07-15,Teruel,gasoleo_a,1.5813,69
2026-07-15,Teruel,gasoleo_premium,1.7153,33
2026-07-15,Teruel,gasolina_95_e5,1.5634,64
2026-07-15,Teruel,gasolina_98_e5,1.7331,30
2026-07-15,Teruel,glp,1.092,4
2026-07-15,Toledo,gasoleo_a,1.6115,242
2026-07-15,Toledo,gasoleo_premium,1.7031,118
2026-07-15,Toledo,gasolina_95_e5,1.5879,239
2026-07-15,Toledo,gasolina_98_e5,1.7824,119
2026-07-15,Toledo,glp,1.0213,29
2026-07-15,Valencia / València,gasoleo_a,1.5582,628
2026-07-15,Valencia / València,gasoleo_premium,1.6696,310
2026-07-15,Valencia / València,gasolina_95_e5,1.5505,613
2026-07-15,Valencia / València,gasolina_98_e5,1.7693,280
2026-07-15,Valencia / València,glp,1.0127,49
2026-07-15,Valladolid,gasoleo_a,1.6003,151
2026-07-15,Valladolid,gasoleo_premium,1.6898,78
2026-07-15,Valladolid,gasolina_95_e5,1.5804,146
2026-07-15,Valladolid,gasolina_98_e5,1.802,71
2026-07-15,Valladolid,glp,1.0548,17
2026-07-15,Zamora,gasoleo_a,1.597,85
2026-07-15,Zamora,gasoleo_premium,1.7101,50
2026-07-15,Zamora,gasolina_95_e5,1.5812,79
2026-07-15,Zamora,gasolina_98_e5,1.7589,44
2026-07-15,Zamora,glp,1.0468,5
2026-07-15,Zaragoza,gasoleo_a,1.5795,232
2026-07-15,Zaragoza,gasoleo_premium,1.6581,87
2026-07-15,Zaragoza,gasolina_95_e5,1.5724,219
2026-07-15,Zaragoza,gasolina_98_e5,1.7674,95
2026-07-15,Zaragoza,glp,1.0226,10
2026-07-15,Ávila,gasoleo_a,1.6395,72
2026-07-15,Ávila,gasoleo_premium,1.7427,46
2026-07-15,Ávila,gasolina_95_e5,1.6044,71
2026-07-15,Ávila,gasolina_98_e5,1.7582,34
2026-07-15,Ávila,glp,1.0577,3
2026-07-16,Albacete,gasoleo_a,1.634,150
2026-07-16,Albacete,gasoleo_premium,1.7615,67
2026-07-16,Albacete,gasolina_95_e5,1.5759,141
2026-07-16,Albacete,gasolina_98_e5,1.7631,64
2026-07-16,Albacete,glp,1.085,6
2026-07-16,Alicante,gasoleo_a,1.6025,479
2026-07-16,Alicante,gasoleo_premium,1.7112,277
2026-07-16,Alicante,gasolina_95_e5,1.604,476
2026-07-16,Alicante,gasolina_98_e5,1.7977,260
2026-07-16,Alicante,glp,1.0424,46
2026-07-16,Almería,gasoleo_a,1.5962,230
2026-07-16,Almería,gasoleo_premium,1.7012,119
2026-07-16,Almería,gasolina_95_e5,1.5516,218
2026-07-16,Almería,gasolina_98_e5,1.7592,95
2026-07-16,Almería,glp,1.0786,21
2026-07-16,Araba/Álava,gasoleo_a,1.6363,72
2026-07-16,Araba/Álava,gasoleo_premium,1.7228,36
2026-07-16,Araba/Álava,gasolina_95_e5,1.611,68
2026-07-16,Araba/Álava,gasolina_98_e5,1.7808,38
2026-07-16,Araba/Álava,glp,1.0884,9
2026-07-16,Asturias,gasoleo_a,1.6659,238
2026-07-16,Asturias,gasoleo_premium,1.7529,159
2026-07-16,Asturias,gasolina_95_e5,1.632,223
2026-07-16,Asturias,gasolina_98_e5,1.7906,141
2026-07-16,Asturias,glp,1.1086,23
2026-07-16,Badajoz,gasoleo_a,1.6148,277
2026-07-16,Badajoz,gasoleo_premium,1.7194,129
2026-07-16,Badajoz,gasolina_95_e5,1.5682,238
2026-07-16,Badajoz,gasolina_98_e5,1.7602,65
2026-07-16,Badajoz,glp,1.0877,7
2026-07-16,Balears (Illes),gasoleo_a,1.721,215
2026-07-16,Balears (Illes),gasoleo_premium,1.8122,101
2026-07-16,Balears (Illes),gasolina_95_e5,1.6807,215
2026-07-16,Balears (Illes),gasolina_98_e5,1.8319,126
2026-07-16,Balears (Illes),glp,1.0474,21
2026-07-16,Barcelona,gasoleo_a,1.594,783
2026-07-16,Barcelona,gasoleo_premium,1.6771,395
2026-07-16,Barcelona,gasolina_95_e5,1.533,774
2026-07-16,Barcelona,gasolina_98_e5,1.7246,442
2026-07-16,Barcelona,glp,1.0142,87
2026-07-16,Bizkaia,gasoleo_a,1.6406,126
2026-07-16,Bizkaia,gasoleo_premium,1.6767,44
2026-07-16,Bizkaia,gasolina_95_e5,1.6106,126
2026-07-16,Bizkaia,gasolina_98_e5,1.7955,68
2026-07-16,Bizkaia,glp,1.1043,11
2026-07-16,Burgos,gasoleo_a,1.6321,136
2026-07-16,Burgos,gasoleo_premium,1.7131,75
2026-07-16,Burgos,gasolina_95_e5,1.6233,132
2026-07-16,Burgos,gasolina_98_e5,1.8054,57
2026-07-16,Burgos,glp,1.1085,13
2026-07-16,Cantabria,gasoleo_a,1.632,166
2026-07-16,Cantabria,gasoleo_premium,1.6913,83
2026-07-16,Cantabria,gasolina_95_e5,1.6118,165
2026-07-16,Cantabria,gasolina_98_e5,1.7902,85
2026-07-16,Cantabria,glp,1.1079,29
2026-07-16,Castellón / Castelló,gasoleo_a,1.5943,197
2026-07-16,Castellón / Castelló,gasoleo_premium,1.7244,100
2026-07-16,Castellón / Castelló,gasolina_95_e5,1.5475,195
2026-07-16,Castellón / Castelló,gasolina_98_e5,1.7594,76
2026-07-16,Castellón / Castelló,glp,1.1046,10
2026-07-16,Ceuta,gasoleo_a,1.4742,10
2026-07-16,Ceuta,gasoleo_premium,1.5235,4
2026-07-16,Ceuta,gasolina_95_e5,1.4543,10
2026-07-16,Ceuta,gasolina_98_e5,1.4834,8
2026-07-16,Ciudad Real,gasoleo_a,1.5921,215
2026-07-16,Ciudad Real,gasoleo_premium,1.7106,59
2026-07-16,Ciudad Real,gasolina_95_e5,1.5542,194
2026-07-16,Ciudad Real,gasolina_98_e5,1.7556,72
2026-07-16,Ciudad Real,glp,1.0485,15
2026-07-16,Coruña (A),gasoleo_a,1.6214,287
2026-07-16,Coruña (A),gasoleo_premium,1.7093,171
2026-07-16,Coruña (A),gasolina_95_e5,1.5896,284
2026-07-16,Coruña (A),gasolina_98_e5,1.7563,170
2026-07-16,Coruña (A),glp,0.9982,33
2026-07-16,Cuenca,gasoleo_a,1.6353,118
2026-07-16,Cuenca,gasoleo_premium,1.7753,58
2026-07-16,Cuenca,gasolina_95_e5,1.6057,107
2026-07-16,Cuenca,gasolina_98_e5,1.792,40
2026-07-16,Cuenca,glp,1.0379,7
2026-07-16,Cáceres,gasoleo_a,1.656,162
2026-07-16,Cáceres,gasoleo_premium,1.7678,81
2026-07-16,Cáceres,gasolina_95_e5,1.5965,146
2026-07-16,Cáceres,gasolina_98_e5,1.8035,46
2026-07-16,Cáceres,glp,1.0826,7
2026-07-16,Cádiz,gasoleo_a,1.6083,287
2026-07-16,Cádiz,gasoleo_premium,1.7077,174
2026-07-16,Cádiz,gasolina_95_e5,1.6051,283
2026-07-16,Cádiz,gasolina_98_e5,1.7965,116
2026-07-16,Cádiz,glp,1.0487,27
2026-07-16,Córdoba,gasoleo_a,1.6356,205
2026-07-16,Córdoba,gasoleo_premium,1.7259,100
2026-07-16,Córdoba,gasolina_95_e5,1.5683,200
2026-07-16,Córdoba,gasolina_98_e5,1.7424,66
2026-07-16,Córdoba,glp,1.0859,13
2026-07-16,Gipuzkoa,gasoleo_a,1.6405,144
2026-07-16,Gipuzkoa,gasoleo_premium,1.7336,80
2026-07-16,Gipuzkoa,gasolina_95_e5,1.6074,131
2026-07-16,Gipuzkoa,gasolina_98_e5,1.796,77
2026-07-16,Gipuzkoa,glp,1.05,19
2026-07-16,Girona,gasoleo_a,1.6049,268
2026-07-16,Girona,gasoleo_premium,1.7309,149
2026-07-16,Girona,gasolina_95_e5,1.5949,258
2026-07-16,Girona,gasolina_98_e5,1.783,156
2026-07-16,Girona,glp,1.0843,26
2026-07-16,Granada,gasoleo_a,1.5844,280
2026-07-16,Granada,gasoleo_premium,1.6996,169
2026-07-16,Granada,gasolina_95_e5,1.5525,276
2026-07-16,Granada,gasolina_98_e5,1.7461,151
2026-07-16,Granada,glp,1.0132,23
2026-07-16,Guadalajara,gasoleo_a,1.6333,88
2026-07-16,Guadalajara,gasoleo_premium,1.7193,43
2026-07-16,Guadalajara,gasolina_95_e5,1.6027,86
2026-07-16,Guadalajara,gasolina_98_e5,1.8083,43
2026-07-16,Guadalajara,glp,1.0152,6
2026-07-16,Huelva,gasoleo_a,1.6478,139
2026-07-16,Huelva,gasoleo_premium,1.7621,59
2026-07-16,Huelva,gasolina_95_e5,1.6154,134
2026-07-16,Huelva,gasolina_98_e5,1.8008,47
2026-07-16,Huelva,glp,1.0808,6
2026-07-16,Huesca,gasoleo_a,1.6242,119
2026-07-16,Huesca,gasoleo_premium,1.7362,57
2026-07-16,Huesca,gasolina_95_e5,1.5699,109
2026-07-16,Huesca,gasolina_98_e5,1.7643,52
2026-07-16,Huesca,glp,1.1043,3
2026-07-16,Jaén,gasoleo_a,1.6348,212
2026-07-16,Jaén,gasoleo_premium,1.7191,101
2026-07-16,Jaén,gasolina_95_e5,1.5695,208
2026-07-16,Jaén,gasolina_98_e5,1.7648,80
2026-07-16,Jaén,glp,1.0364,14
2026-07-16,León,gasoleo_a,1.6451,163
2026-07-16,León,gasoleo_premium,1.7272,112
2026-07-16,León,gasolina_95_e5,1.5962,157
2026-07-16,León,gasolina_98_e5,1.7691,95
2026-07-16,León,glp,1.1054,8
2026-07-16,Lleida,gasoleo_a,1.5562,182
2026-07-16,Lleida,gasoleo_premium,1.669,79
2026-07-16,Lleida,gasolina_95_e5,1.5273,166
2026-07-16,Lleida,gasolina_98_e5,1.7223,78
2026-07-16,Lleida,glp,1.1463,7
2026-07-16,Lugo,gasoleo_a,1.6465,127
2026-07-16,Lugo,gasoleo_premium,1.7498,65
2026-07-16,Lugo,gasolina_95_e5,1.6126,125
2026-07-16,Lugo,gasolina_98_e5,1.7877,60
2026-07-16,Lugo,glp,1.0589,7
2026-07-16,Madrid,gasoleo_a,1.63,861
2026-07-16,Madrid,gasoleo_premium,1.7156,453
2026-07-16,Madrid,gasolina_95_e5,1.6048,856
2026-07-16,Madrid,gasolina_98_e5,1.7969,416
2026-07-16,Madrid,glp,1.0243,134
2026-07-16,Melilla,gasoleo_a,1.3781,11
2026-07-16,Melilla,gasoleo_premium,1.421,7
2026-07-16,Melilla,gasolina_95_e5,1.4235,11
2026-07-16,Murcia,gasoleo_a,1.591,455
2026-07-16,Murcia,gasoleo_premium,1.6664,232
2026-07-16,Murcia,gasolina_95_e5,1.5614,432
2026-07-16,Murcia,gasolina_98_e5,1.7359,234
2026-07-16,Murcia,glp,1.0468,44
2026-07-16,Málaga,gasoleo_a,1.6565,305
2026-07-16,Málaga,gasoleo_premium,1.7601,209
2026-07-16,Málaga,gasolina_95_e5,1.6246,302
2026-07-16,Málaga,gasolina_98_e5,1.7982,165
2026-07-16,Málaga,glp,1.0359,34
2026-07-16,Navarra,gasoleo_a,1.5731,242
2026-07-16,Navarra,gasoleo_premium,1.6888,102
2026-07-16,Navarra,gasolina_95_e5,1.5653,218
2026-07-16,Navarra,gasolina_98_e5,1.7823,63
2026-07-16,Navarra,glp,1.0887,20
2026-07-16,Ourense,gasoleo_a,1.6523,87
2026-07-16,Ourense,gasoleo_premium,1.7344,58
2026-07-16,Ourense,gasolina_95_e5,1.6103,87
2026-07-16,Ourense,gasolina_98_e5,1.7681,62
2026-07-16,Ourense,glp,1.0632,5
2026-07-16,Palencia,gasoleo_a,1.6461,68
2026-07-16,Palencia,gasoleo_premium,1.7418,45
2026-07-16,Palencia,gasolina_95_e5,1.6,66
2026-07-16,Palencia,gasolina_98_e5,1.7837,38
2026-07-16,Palencia,glp,1.1015,4
2026-07-16,Palmas (Las),gasoleo_a,1.4159,258
2026-07-16,Palmas (Las),gasoleo_premium,1.5368,156
2026-07-16,Palmas (Las),gasolina_95_e5,1.3797,257
2026-07-16,Palmas (Las),gasolina_98_e5,1.5143,227
2026-07-16,Palmas (Las),glp,0.9187,19
2026-07-16,Pontevedra,gasoleo_a,1.6266,225
2026-07-16,Pontevedra,gasoleo_premium,1.738,141
2026-07-16,Pontevedra,gasolina_95_e5,1.5917,223
2026-07-16,Pontevedra,gasolina_98_e5,1.7592,134
2026-07-16,Pontevedra,glp,1.1096,18
2026-07-16,Rioja (La),gasoleo_a,1.5847,84
2026-07-16,Rioja (La),gasoleo_premium,1.6973,40
2026-07-16,Rioja (La),gasolina_95_e5,1.564,81
2026-07-16,Rioja (La),gasolina_98_e5,1.7492,37
2026-07-16,Rioja (La),glp,1.1406,5
2026-07-16,Salamanca,gasoleo_a,1.6208,109
2026-07-16,Salamanca,gasoleo_premium,1.7465,64
2026-07-16,Salamanca,gasolina_95_e5,1.5726,105
2026-07-16,Salamanca,gasolina_98_e5,1.7687,52
2026-07-16,Salamanca,glp,1.1218,8
2026-07-16,Santa Cruz De Tenerife,gasoleo_a,1.4759,239
2026-07-16,Santa Cruz De Tenerife,gasoleo_premium,1.5885,129
2026-07-16,Santa Cruz De Tenerife,gasolina_95_e5,1.4235,240
2026-07-16,Santa Cruz De Tenerife,gasolina_98_e5,1.546,226
2026-07-16,Santa Cruz De Tenerife,glp,0.9259,10
2026-07-16,Segovia,gasoleo_a,1.6381,76
2026-07-16,Segovia,gasoleo_premium,1.727,43
2026-07-16,Segovia,gasolina_95_e5,1.6069,75
2026-07-16,Segovia,gasolina_98_e5,1.7966,37
2026-07-16,Segovia,glp,1.0672,4
2026-07-16,Sevilla,gasoleo_a,1.6099,440
2026-07-16,Sevilla,gasoleo_premium,1.7232,234
2026-07-16,Sevilla,gasolina_95_e5,1.5597,433
2026-07-16,Sevilla,gasolina_98_e5,1.7626,146
2026-07-16,Sevilla,glp,1.0225,37
2026-07-16,Soria,gasoleo_a,1.5803,41
2026-07-16,Soria,gasoleo_premium,1.6537,20
2026-07-16,Soria,gasolina_95_e5,1.5505,42
2026-07-16,Soria,gasolina_98_e5,1.7563,17
2026-07-16,Soria,glp,1.0432,5
2026-07-16,Tarragona,gasoleo_a,1.5844,224
2026-07-16,Tarragona,gasoleo_premium,1.7009,122
2026-07-16,Tarragona,gasolina_95_e5,1.5614,213
2026-07-16,Tarragona,gasolina_98_e5,1.7485,123
2026-07-16,Tarragona,glp,1.0284,28
2026-07-16,Teruel,gasoleo_a,1.5927,69
2026-07-16,Teruel,gasoleo_premium,1.7306,33
2026-07-16,Teruel,gasolina_95_e5,1.5727,64
2026-07-16,Teruel,gasolina_98_e5,1.7434,30
2026-07-16,Teruel,glp,1.092,4
2026-07-16,Toledo,gasoleo_a,1.6301,242
2026-07-16,Toledo,gasoleo_premium,1.7174,118
2026-07-16,Toledo,gasolina_95_e5,1.5955,239
2026-07-16,Toledo,gasolina_98_e5,1.7898,119
2026-07-16,Toledo,glp,1.0189,29
2026-07-16,Valencia / València,gasoleo_a,1.578,624
2026-07-16,Valencia / València,gasoleo_premium,1.6905,308
2026-07-16,Valencia / València,gasolina_95_e5,1.5617,609
2026-07-16,Valencia / València,gasolina_98_e5,1.7814,278
2026-07-16,Valencia / València,glp,1.0135,50
2026-07-16,Valladolid,gasoleo_a,1.6201,151
2026-07-16,Valladolid,gasoleo_premium,1.7109,78
2026-07-16,Valladolid,gasolina_95_e5,1.5907,146
2026-07-16,Valladolid,gasolina_98_e5,1.8164,71
2026-07-16,Valladolid,glp,1.0514,17
2026-07-16,Zamora,gasoleo_a,1.618,85
2026-07-16,Zamora,gasoleo_premium,1.7338,50
2026-07-16,Zamora,gasolina_95_e5,1.5917,79
2026-07-16,Zamora,gasolina_98_e5,1.7714,44
2026-07-16,Zamora,glp,1.0468,5
2026-07-16,Zaragoza,gasoleo_a,1.5978,229
2026-07-16,Zaragoza,gasoleo_premium,1.6763,87
2026-07-16,Zaragoza,gasolina_95_e5,1.5826,216
2026-07-16,Zaragoza,gasolina_98_e5,1.782,94
2026-07-16,Zaragoza,glp,1.0375,11
2026-07-16,Ávila,gasoleo_a,1.6603,71
2026-07-16,Ávila,gasoleo_premium,1.7634,46
2026-07-16,Ávila,gasolina_95_e5,1.619,70
2026-07-16,Ávila,gasolina_98_e5,1.7711,34
2026-07-16,Ávila,glp,1.0577,3
2026-07-17,Albacete,gasoleo_a,1.6526,150
2026-07-17,Albacete,gasoleo_premium,1.7841,67
2026-07-17,Albacete,gasolina_95_e5,1.5864,141
2026-07-17,Albacete,gasolina_98_e5,1.7795,64
2026-07-17,Albacete,glp,1.085,6
2026-07-17,Alicante,gasoleo_a,1.6235,480
2026-07-17,Alicante,gasoleo_premium,1.7347,277
2026-07-17,Alicante,gasolina_95_e5,1.6135,476
2026-07-17,Alicante,gasolina_98_e5,1.8102,260
2026-07-17,Alicante,glp,1.0424,46
2026-07-17,Almería,gasoleo_a,1.6138,227
2026-07-17,Almería,gasoleo_premium,1.7193,119
2026-07-17,Almería,gasolina_95_e5,1.5599,216
2026-07-17,Almería,gasolina_98_e5,1.7694,94
2026-07-17,Almería,glp,1.0781,21
2026-07-17,Araba/Álava,gasoleo_a,1.6605,72
2026-07-17,Araba/Álava,gasoleo_premium,1.7524,36
2026-07-17,Araba/Álava,gasolina_95_e5,1.6212,68
2026-07-17,Araba/Álava,gasolina_98_e5,1.7954,38
2026-07-17,Araba/Álava,glp,1.0884,9
2026-07-17,Asturias,gasoleo_a,1.6895,238
2026-07-17,Asturias,gasoleo_premium,1.7765,159
2026-07-17,Asturias,gasolina_95_e5,1.6473,223
2026-07-17,Asturias,gasolina_98_e5,1.8093,141
2026-07-17,Asturias,glp,1.1064,23
2026-07-17,Badajoz,gasoleo_a,1.636,277
2026-07-17,Badajoz,gasoleo_premium,1.747,127
2026-07-17,Badajoz,gasolina_95_e5,1.5759,237
2026-07-17,Badajoz,gasolina_98_e5,1.7737,64
2026-07-17,Badajoz,glp,1.0877,7
2026-07-17,Balears (Illes),gasoleo_a,1.7427,215
2026-07-17,Balears (Illes),gasoleo_premium,1.8311,101
2026-07-17,Balears (Illes),gasolina_95_e5,1.6872,215
2026-07-17,Balears (Illes),gasolina_98_e5,1.8399,126
2026-07-17,Balears (Illes),glp,1.0474,21
2026-07-17,Barcelona,gasoleo_a,1.6261,782
2026-07-17,Barcelona,gasoleo_premium,1.7053,395
2026-07-17,Barcelona,gasolina_95_e5,1.5473,773
2026-07-17,Barcelona,gasolina_98_e5,1.7391,441
2026-07-17,Barcelona,glp,1.0143,87
2026-07-17,Bizkaia,gasoleo_a,1.662,128
2026-07-17,Bizkaia,gasoleo_premium,1.7015,46
2026-07-17,Bizkaia,gasolina_95_e5,1.6236,126
2026-07-17,Bizkaia,gasolina_98_e5,1.8109,68
2026-07-17,Bizkaia,glp,1.1043,11
2026-07-17,Burgos,gasoleo_a,1.6503,136
2026-07-17,Burgos,gasoleo_premium,1.7343,75
2026-07-17,Burgos,gasolina_95_e5,1.6322,132
2026-07-17,Burgos,gasolina_98_e5,1.8163,57
2026-07-17,Burgos,glp,1.1085,13
2026-07-17,Cantabria,gasoleo_a,1.6521,166
2026-07-17,Cantabria,gasoleo_premium,1.7123,83
2026-07-17,Cantabria,gasolina_95_e5,1.6227,165
2026-07-17,Cantabria,gasolina_98_e5,1.7995,85
2026-07-17,Cantabria,glp,1.1079,29
2026-07-17,Castellón / Castelló,gasoleo_a,1.6212,197
2026-07-17,Castellón / Castelló,gasoleo_premium,1.7482,100
2026-07-17,Castellón / Castelló,gasolina_95_e5,1.5574,195
2026-07-17,Castellón / Castelló,gasolina_98_e5,1.7699,76
2026-07-17,Castellón / Castelló,glp,1.1046,10
2026-07-17,Ceuta,gasoleo_a,1.4903,10
2026-07-17,Ceuta,gasoleo_premium,1.5335,4
2026-07-17,Ceuta,gasolina_95_e5,1.4703,10
2026-07-17,Ceuta,gasolina_98_e5,1.5071,8
2026-07-17,Ciudad Real,gasoleo_a,1.6098,215
2026-07-17,Ciudad Real,gasoleo_premium,1.7278,59
2026-07-17,Ciudad Real,gasolina_95_e5,1.5622,194
2026-07-17,Ciudad Real,gasolina_98_e5,1.77,72
2026-07-17,Ciudad Real,glp,1.0485,15
2026-07-17,Coruña (A),gasoleo_a,1.636,286
2026-07-17,Coruña (A),gasoleo_premium,1.7238,171
2026-07-17,Coruña (A),gasolina_95_e5,1.6003,284
2026-07-17,Coruña (A),gasolina_98_e5,1.771,170
2026-07-17,Coruña (A),glp,0.9982,33
2026-07-17,Cuenca,gasoleo_a,1.654,117
2026-07-17,Cuenca,gasoleo_premium,1.8069,56
2026-07-17,Cuenca,gasolina_95_e5,1.6136,106
2026-07-17,Cuenca,gasolina_98_e5,1.8044,40
2026-07-17,Cuenca,glp,1.0327,6
2026-07-17,Cáceres,gasoleo_a,1.6777,161
2026-07-17,Cáceres,gasoleo_premium,1.7962,80
2026-07-17,Cáceres,gasolina_95_e5,1.6086,145
2026-07-17,Cáceres,gasolina_98_e5,1.821,45
2026-07-17,Cáceres,glp,1.0826,7
2026-07-17,Cádiz,gasoleo_a,1.6295,288
2026-07-17,Cádiz,gasoleo_premium,1.7322,175
2026-07-17,Cádiz,gasolina_95_e5,1.614,284
2026-07-17,Cádiz,gasolina_98_e5,1.808,117
2026-07-17,Cádiz,glp,1.0487,27
2026-07-17,Córdoba,gasoleo_a,1.6574,205
2026-07-17,Córdoba,gasoleo_premium,1.7485,100
2026-07-17,Córdoba,gasolina_95_e5,1.5764,200
2026-07-17,Córdoba,gasolina_98_e5,1.7535,66
2026-07-17,Córdoba,glp,1.0844,13
2026-07-17,Gipuzkoa,gasoleo_a,1.6622,144
2026-07-17,Gipuzkoa,gasoleo_premium,1.7553,80
2026-07-17,Gipuzkoa,gasolina_95_e5,1.618,131
2026-07-17,Gipuzkoa,gasolina_98_e5,1.8073,77
2026-07-17,Gipuzkoa,glp,1.05,19
2026-07-17,Girona,gasoleo_a,1.6289,268
2026-07-17,Girona,gasoleo_premium,1.7525,149
2026-07-17,Girona,gasolina_95_e5,1.6064,258
2026-07-17,Girona,gasolina_98_e5,1.7941,156
2026-07-17,Girona,glp,1.0843,26
2026-07-17,Granada,gasoleo_a,1.6086,281
2026-07-17,Granada,gasoleo_premium,1.728,169
2026-07-17,Granada,gasolina_95_e5,1.5656,277
2026-07-17,Granada,gasolina_98_e5,1.7618,151
2026-07-17,Granada,glp,1.0123,23
2026-07-17,Guadalajara,gasoleo_a,1.658,88
2026-07-17,Guadalajara,gasoleo_premium,1.7483,43
2026-07-17,Guadalajara,gasolina_95_e5,1.6138,86
2026-07-17,Guadalajara,gasolina_98_e5,1.8218,43
2026-07-17,Guadalajara,glp,1.0152,6
2026-07-17,Huelva,gasoleo_a,1.6708,138
2026-07-17,Huelva,gasoleo_premium,1.7821,59
2026-07-17,Huelva,gasolina_95_e5,1.6252,133
2026-07-17,Huelva,gasolina_98_e5,1.8126,47
2026-07-17,Huelva,glp,1.0808,6
2026-07-17,Huesca,gasoleo_a,1.6504,120
2026-07-17,Huesca,gasoleo_premium,1.7608,57
2026-07-17,Huesca,gasolina_95_e5,1.5806,110
2026-07-17,Huesca,gasolina_98_e5,1.7789,52
2026-07-17,Huesca,glp,1.1043,3
2026-07-17,Jaén,gasoleo_a,1.6536,210
2026-07-17,Jaén,gasoleo_premium,1.7377,100
2026-07-17,Jaén,gasolina_95_e5,1.5783,206
2026-07-17,Jaén,gasolina_98_e5,1.776,79
2026-07-17,Jaén,glp,1.0364,14
2026-07-17,León,gasoleo_a,1.6664,161
2026-07-17,León,gasoleo_premium,1.7524,110
2026-07-17,León,gasolina_95_e5,1.606,155
2026-07-17,León,gasolina_98_e5,1.7783,93
2026-07-17,León,glp,1.1054,8
2026-07-17,Lleida,gasoleo_a,1.5906,182
2026-07-17,Lleida,gasoleo_premium,1.7012,79
2026-07-17,Lleida,gasolina_95_e5,1.5402,166
2026-07-17,Lleida,gasolina_98_e5,1.7383,78
2026-07-17,Lleida,glp,1.1463,7
2026-07-17,Lugo,gasoleo_a,1.666,126
2026-07-17,Lugo,gasoleo_premium,1.7677,65
2026-07-17,Lugo,gasolina_95_e5,1.6221,124
2026-07-17,Lugo,gasolina_98_e5,1.8002,60
2026-07-17,Lugo,glp,1.0589,7
2026-07-17,Madrid,gasoleo_a,1.6501,860
2026-07-17,Madrid,gasoleo_premium,1.7339,452
2026-07-17,Madrid,gasolina_95_e5,1.6114,855
2026-07-17,Madrid,gasolina_98_e5,1.8087,416
2026-07-17,Madrid,glp,1.0226,134
2026-07-17,Melilla,gasoleo_a,1.3781,11
2026-07-17,Melilla,gasoleo_premium,1.421,7
2026-07-17,Melilla,gasolina_95_e5,1.4244,11
2026-07-17,Murcia,gasoleo_a,1.6126,456
2026-07-17,Murcia,gasoleo_premium,1.6857,233
2026-07-17,Murcia,gasolina_95_e5,1.5716,433
2026-07-17,Murcia,gasolina_98_e5,1.7482,235
2026-07-17,Murcia,glp,1.0433,44
2026-07-17,Málaga,gasoleo_a,1.6799,304
2026-07-17,Málaga,gasoleo_premium,1.7862,208
2026-07-17,Málaga,gasolina_95_e5,1.6323,301
2026-07-17,Málaga,gasolina_98_e5,1.8081,165
2026-07-17,Málaga,glp,1.0359,34
2026-07-17,Navarra,gasoleo_a,1.5898,239
2026-07-17,Navarra,gasoleo_premium,1.713,101
2026-07-17,Navarra,gasolina_95_e5,1.5682,215
2026-07-17,Navarra,gasolina_98_e5,1.7912,62
2026-07-17,Navarra,glp,1.0887,20
2026-07-17,Ourense,gasoleo_a,1.6732,87
2026-07-17,Ourense,gasoleo_premium,1.7588,58
2026-07-17,Ourense,gasolina_95_e5,1.6176,87
2026-07-17,Ourense,gasolina_98_e5,1.7744,62
2026-07-17,Ourense,glp,1.0632,5
2026-07-17,Palencia,gasoleo_a,1.6737,68
2026-07-17,Palencia,gasoleo_premium,1.7718,45
2026-07-17,Palencia,gasolina_95_e5,1.6148,66
2026-07-17,Palencia,gasolina_98_e5,1.8058,38
2026-07-17,Palencia,glp,1.1015,4
2026-07-17,Palmas (Las),gasoleo_a,1.4187,258
2026-07-17,Palmas (Las),gasoleo_premium,1.54,156
2026-07-17,Palmas (Las),gasolina_95_e5,1.3822,257
2026-07-17,Palmas (Las),gasolina_98_e5,1.5161,227
2026-07-17,Palmas (Las),glp,0.9187,19
2026-07-17,Pontevedra,gasoleo_a,1.6451,226
2026-07-17,Pontevedra,gasoleo_premium,1.7598,141
2026-07-17,Pontevedra,gasolina_95_e5,1.6014,224
2026-07-17,Pontevedra,gasolina_98_e5,1.77,134
2026-07-17,Pontevedra,glp,1.1096,18
2026-07-17,Rioja (La),gasoleo_a,1.606,84
2026-07-17,Rioja (La),gasoleo_premium,1.7248,40
2026-07-17,Rioja (La),gasolina_95_e5,1.5731,81
2026-07-17,Rioja (La),gasolina_98_e5,1.7657,37
2026-07-17,Rioja (La),glp,1.1406,5
2026-07-17,Salamanca,gasoleo_a,1.645,109
2026-07-17,Salamanca,gasoleo_premium,1.7656,64
2026-07-17,Salamanca,gasolina_95_e5,1.58,105
2026-07-17,Salamanca,gasolina_98_e5,1.7788,52
2026-07-17,Salamanca,glp,1.1218,8
2026-07-17,Santa Cruz De Tenerife,gasoleo_a,1.4789,239
2026-07-17,Santa Cruz De Tenerife,gasoleo_premium,1.5887,129
2026-07-17,Santa Cruz De Tenerife,gasolina_95_e5,1.4257,240
2026-07-17,Santa Cruz De Tenerife,gasolina_98_e5,1.5461,226
2026-07-17,Santa Cruz De Tenerife,glp,0.9259,10
2026-07-17,Segovia,gasoleo_a,1.6538,76
2026-07-17,Segovia,gasoleo_premium,1.7417,43
2026-07-17,Segovia,gasolina_95_e5,1.6144,75
2026-07-17,Segovia,gasolina_98_e5,1.8083,37
2026-07-17,Segovia,glp,1.0672,4
2026-07-17,Sevilla,gasoleo_a,1.6304,439
2026-07-17,Sevilla,gasoleo_premium,1.7468,234
2026-07-17,Sevilla,gasolina_95_e5,1.5699,432
2026-07-17,Sevilla,gasolina_98_e5,1.7774,146
2026-07-17,Sevilla,glp,1.0228,37
2026-07-17,Soria,gasoleo_a,1.6056,41
2026-07-17,Soria,gasoleo_premium,1.6778,20
2026-07-17,Soria,gasolina_95_e5,1.558,42
2026-07-17,Soria,gasolina_98_e5,1.7625,17
2026-07-17,Soria,glp,1.0432,5
2026-07-17,Tarragona,gasoleo_a,1.6175,224
2026-07-17,Tarragona,gasoleo_premium,1.7298,122
2026-07-17,Tarragona,gasolina_95_e5,1.5742,213
2026-07-17,Tarragona,gasolina_98_e5,1.7695,123
2026-07-17,Tarragona,glp,1.0284,28
2026-07-17,Teruel,gasoleo_a,1.6181,68
2026-07-17,Teruel,gasoleo_premium,1.7525,33
2026-07-17,Teruel,gasolina_95_e5,1.5804,64
2026-07-17,Teruel,gasolina_98_e5,1.7539,30
2026-07-17,Teruel,glp,1.092,4
2026-07-17,Toledo,gasoleo_a,1.6468,242
2026-07-17,Toledo,gasoleo_premium,1.7343,118
2026-07-17,Toledo,gasolina_95_e5,1.6038,239
2026-07-17,Toledo,gasolina_98_e5,1.8018,119
2026-07-17,Toledo,glp,1.0162,29
2026-07-17,Valencia / València,gasoleo_a,1.5998,626
2026-07-17,Valencia / València,gasoleo_premium,1.7155,310
2026-07-17,Valencia / València,gasolina_95_e5,1.5722,611
2026-07-17,Valencia / València,gasolina_98_e5,1.7941,279
2026-07-17,Valencia / València,glp,1.0135,50
2026-07-17,Valladolid,gasoleo_a,1.6438,151
2026-07-17,Valladolid,gasoleo_premium,1.7432,78
2026-07-17,Valladolid,gasolina_95_e5,1.5993,146
2026-07-17,Valladolid,gasolina_98_e5,1.8304,71
2026-07-17,Valladolid,glp,1.0546,17
2026-07-17,Zamora,gasoleo_a,1.6392,85
2026-07-17,Zamora,gasoleo_premium,1.7608,50
2026-07-17,Zamora,gasolina_95_e5,1.6024,79
2026-07-17,Zamora,gasolina_98_e5,1.7827,44
2026-07-17,Zamora,glp,1.0468,5
2026-07-17,Zaragoza,gasoleo_a,1.6239,230
2026-07-17,Zaragoza,gasoleo_premium,1.6922,87
2026-07-17,Zaragoza,gasolina_95_e5,1.5915,217
2026-07-17,Zaragoza,gasolina_98_e5,1.7948,95
2026-07-17,Zaragoza,glp,1.0375,11
2026-07-17,Ávila,gasoleo_a,1.6764,70
2026-07-17,Ávila,gasoleo_premium,1.7793,45
2026-07-17,Ávila,gasolina_95_e5,1.6256,69
2026-07-17,Ávila,gasolina_98_e5,1.774,34
2026-07-17,Ávila,glp,1.0577,3
2026-07-18,Albacete,gasoleo_a,1.6685,150
2026-07-18,Albacete,gasoleo_premium,1.7987,67
2026-07-18,Albacete,gasolina_95_e5,1.5955,141
2026-07-18,Albacete,gasolina_98_e5,1.7866,64
2026-07-18,Albacete,glp,1.085,6
2026-07-18,Alicante,gasoleo_a,1.6359,480
2026-07-18,Alicante,gasoleo_premium,1.748,277
2026-07-18,Alicante,gasolina_95_e5,1.6194,476
2026-07-18,Alicante,gasolina_98_e5,1.816,260
2026-07-18,Alicante,glp,1.0424,46
2026-07-18,Almería,gasoleo_a,1.626,226
2026-07-18,Almería,gasoleo_premium,1.7364,118
2026-07-18,Almería,gasolina_95_e5,1.5674,215
2026-07-18,Almería,gasolina_98_e5,1.7753,94
2026-07-18,Almería,glp,1.0781,21
2026-07-18,Araba/Álava,gasoleo_a,1.6744,72
2026-07-18,Araba/Álava,gasoleo_premium,1.7605,36
2026-07-18,Araba/Álava,gasolina_95_e5,1.628,68
2026-07-18,Araba/Álava,gasolina_98_e5,1.7964,38
2026-07-18,Araba/Álava,glp,1.0884,9
2026-07-18,Asturias,gasoleo_a,1.7059,238
2026-07-18,Asturias,gasoleo_premium,1.7911,159
2026-07-18,Asturias,gasolina_95_e5,1.6581,223
2026-07-18,Asturias,gasolina_98_e5,1.8162,141
2026-07-18,Asturias,glp,1.1064,23
2026-07-18,Badajoz,gasoleo_a,1.656,275
2026-07-18,Badajoz,gasoleo_premium,1.7654,129
2026-07-18,Badajoz,gasolina_95_e5,1.5847,239
2026-07-18,Badajoz,gasolina_98_e5,1.7817,66
2026-07-18,Badajoz,glp,1.0877,7
2026-07-18,Balears (Illes),gasoleo_a,1.7581,215
2026-07-18,Balears (Illes),gasoleo_premium,1.8441,101
2026-07-18,Balears (Illes),gasolina_95_e5,1.6942,215
2026-07-18,Balears (Illes),gasolina_98_e5,1.8455,126
2026-07-18,Balears (Illes),glp,1.0474,21
2026-07-18,Barcelona,gasoleo_a,1.6425,785
2026-07-18,Barcelona,gasoleo_premium,1.721,395
2026-07-18,Barcelona,gasolina_95_e5,1.555,776
2026-07-18,Barcelona,gasolina_98_e5,1.7439,442
2026-07-18,Barcelona,glp,1.0159,88
2026-07-18,Bizkaia,gasoleo_a,1.6799,128
2026-07-18,Bizkaia,gasoleo_premium,1.7136,46
2026-07-18,Bizkaia,gasolina_95_e5,1.6318,126
2026-07-18,Bizkaia,gasolina_98_e5,1.8156,68
2026-07-18,Bizkaia,glp,1.1043,11
2026-07-18,Burgos,gasoleo_a,1.665,136
2026-07-18,Burgos,gasoleo_premium,1.7497,75
2026-07-18,Burgos,gasolina_95_e5,1.6408,132
2026-07-18,Burgos,gasolina_98_e5,1.8233,57
2026-07-18,Burgos,glp,1.1085,13
2026-07-18,Cantabria,gasoleo_a,1.6651,165
2026-07-18,Cantabria,gasoleo_premium,1.7227,83
2026-07-18,Cantabria,gasolina_95_e5,1.6296,164
2026-07-18,Cantabria,gasolina_98_e5,1.8056,84
2026-07-18,Cantabria,glp,1.1079,29
2026-07-18,Castellón / Castelló,gasoleo_a,1.637,197
2026-07-18,Castellón / Castelló,gasoleo_premium,1.767,100
2026-07-18,Castellón / Castelló,gasolina_95_e5,1.5633,195
2026-07-18,Castellón / Castelló,gasolina_98_e5,1.773,76
2026-07-18,Castellón / Castelló,glp,1.1346,10
2026-07-18,Ceuta,gasoleo_a,1.4903,10
2026-07-18,Ceuta,gasoleo_premium,1.5335,4
2026-07-18,Ceuta,gasolina_95_e5,1.4703,10
2026-07-18,Ceuta,gasolina_98_e5,1.5071,8
2026-07-18,Ciudad Real,gasoleo_a,1.6247,215
2026-07-18,Ciudad Real,gasoleo_premium,1.7387,59
2026-07-18,Ciudad Real,gasolina_95_e5,1.5681,194
2026-07-18,Ciudad Real,gasolina_98_e5,1.7728,72
2026-07-18,Ciudad Real,glp,1.0485,15
2026-07-18,Coruña (A),gasoleo_a,1.6543,286
2026-07-18,Coruña (A),gasoleo_premium,1.7392,171
2026-07-18,Coruña (A),gasolina_95_e5,1.6105,284
2026-07-18,Coruña (A),gasolina_98_e5,1.7765,170
2026-07-18,Coruña (A),glp,0.9982,33
2026-07-18,Cuenca,gasoleo_a,1.668,117
2026-07-18,Cuenca,gasoleo_premium,1.815,56
2026-07-18,Cuenca,gasolina_95_e5,1.6202,106
2026-07-18,Cuenca,gasolina_98_e5,1.8078,40
2026-07-18,Cuenca,glp,1.0327,6
2026-07-18,Cáceres,gasoleo_a,1.6929,161
2026-07-18,Cáceres,gasoleo_premium,1.8104,81
2026-07-18,Cáceres,gasolina_95_e5,1.6167,146
2026-07-18,Cáceres,gasolina_98_e5,1.8263,46
2026-07-18,Cáceres,glp,1.0826,7
2026-07-18,Cádiz,gasoleo_a,1.6448,288
2026-07-18,Cádiz,gasoleo_premium,1.7477,175
2026-07-18,Cádiz,gasolina_95_e5,1.6213,284
2026-07-18,Cádiz,gasolina_98_e5,1.8184,117
2026-07-18,Cádiz,glp,1.0487,27
2026-07-18,Córdoba,gasoleo_a,1.6707,206
2026-07-18,Córdoba,gasoleo_premium,1.7626,101
2026-07-18,Córdoba,gasolina_95_e5,1.583,201
2026-07-18,Córdoba,gasolina_98_e5,1.7558,66
2026-07-18,Córdoba,glp,1.0844,13
2026-07-18,Gipuzkoa,gasoleo_a,1.6811,144
2026-07-18,Gipuzkoa,gasoleo_premium,1.7741,80
2026-07-18,Gipuzkoa,gasolina_95_e5,1.6276,131
2026-07-18,Gipuzkoa,gasolina_98_e5,1.8165,77
2026-07-18,Gipuzkoa,glp,1.05,19
2026-07-18,Girona,gasoleo_a,1.6462,268
2026-07-18,Girona,gasoleo_premium,1.7682,149
2026-07-18,Girona,gasolina_95_e5,1.6145,258
2026-07-18,Girona,gasolina_98_e5,1.8049,156
2026-07-18,Girona,glp,1.0843,26
2026-07-18,Granada,gasoleo_a,1.6239,281
2026-07-18,Granada,gasoleo_premium,1.7429,169
2026-07-18,Granada,gasolina_95_e5,1.5746,277
2026-07-18,Granada,gasolina_98_e5,1.7685,151
2026-07-18,Granada,glp,1.0123,23
2026-07-18,Guadalajara,gasoleo_a,1.6732,88
2026-07-18,Guadalajara,gasoleo_premium,1.7618,43
2026-07-18,Guadalajara,gasolina_95_e5,1.6191,86
2026-07-18,Guadalajara,gasolina_98_e5,1.8212,43
2026-07-18,Guadalajara,glp,1.0152,6
2026-07-18,Huelva,gasoleo_a,1.6844,140
2026-07-18,Huelva,gasoleo_premium,1.7931,60
2026-07-18,Huelva,gasolina_95_e5,1.6305,135
2026-07-18,Huelva,gasolina_98_e5,1.8143,48
2026-07-18,Huelva,glp,1.0808,6
2026-07-18,Huesca,gasoleo_a,1.6641,120
2026-07-18,Huesca,gasoleo_premium,1.7722,57
2026-07-18,Huesca,gasolina_95_e5,1.5889,110
2026-07-18,Huesca,gasolina_98_e5,1.7856,52
2026-07-18,Huesca,glp,1.1043,3
2026-07-18,Jaén,gasoleo_a,1.67,210
2026-07-18,Jaén,gasoleo_premium,1.7572,100
2026-07-18,Jaén,gasolina_95_e5,1.5852,206
2026-07-18,Jaén,gasolina_98_e5,1.7822,79
2026-07-18,Jaén,glp,1.0364,14
2026-07-18,León,gasoleo_a,1.683,161
2026-07-18,León,gasoleo_premium,1.7639,110
2026-07-18,León,gasolina_95_e5,1.6156,155
2026-07-18,León,gasolina_98_e5,1.7823,93
2026-07-18,León,glp,1.1054,8
2026-07-18,Lleida,gasoleo_a,1.6028,178
2026-07-18,Lleida,gasoleo_premium,1.7179,77
2026-07-18,Lleida,gasolina_95_e5,1.5433,162
2026-07-18,Lleida,gasolina_98_e5,1.7423,77
2026-07-18,Lleida,glp,1.1463,7
2026-07-18,Lugo,gasoleo_a,1.6839,127
2026-07-18,Lugo,gasoleo_premium,1.7847,66
2026-07-18,Lugo,gasolina_95_e5,1.6326,125
2026-07-18,Lugo,gasolina_98_e5,1.8041,60
2026-07-18,Lugo,glp,1.0589,7
2026-07-18,Madrid,gasoleo_a,1.6685,861
2026-07-18,Madrid,gasoleo_premium,1.7516,453
2026-07-18,Madrid,gasolina_95_e5,1.621,856
2026-07-18,Madrid,gasolina_98_e5,1.8171,416
2026-07-18,Madrid,glp,1.023,134
2026-07-18,Melilla,gasoleo_a,1.3781,11
2026-07-18,Melilla,gasoleo_premium,1.421,7
2026-07-18,Melilla,gasolina_95_e5,1.4244,11
2026-07-18,Murcia,gasoleo_a,1.627,456
2026-07-18,Murcia,gasoleo_premium,1.699,233
2026-07-18,Murcia,gasolina_95_e5,1.578,433
2026-07-18,Murcia,gasolina_98_e5,1.7534,235
2026-07-18,Murcia,glp,1.0435,44
2026-07-18,Málaga,gasoleo_a,1.6975,304
2026-07-18,Málaga,gasoleo_premium,1.8012,208
2026-07-18,Málaga,gasolina_95_e5,1.6408,301
2026-07-18,Málaga,gasolina_98_e5,1.8152,165
2026-07-18,Málaga,glp,1.0359,34
2026-07-18,Navarra,gasoleo_a,1.604,239
2026-07-18,Navarra,gasoleo_premium,1.7256,100
2026-07-18,Navarra,gasolina_95_e5,1.5753,215
2026-07-18,Navarra,gasolina_98_e5,1.7933,62
2026-07-18,Navarra,glp,1.0887,20
2026-07-18,Ourense,gasoleo_a,1.6897,87
2026-07-18,Ourense,gasoleo_premium,1.7679,58
2026-07-18,Ourense,gasolina_95_e5,1.6279,87
2026-07-18,Ourense,gasolina_98_e5,1.7798,62
2026-07-18,Ourense,glp,1.0632,5
2026-07-18,Palencia,gasoleo_a,1.6966,68
2026-07-18,Palencia,gasoleo_premium,1.7951,45
2026-07-18,Palencia,gasolina_95_e5,1.627,66
2026-07-18,Palencia,gasolina_98_e5,1.8128,38
2026-07-18,Palencia,glp,1.1015,4
2026-07-18,Palmas (Las),gasoleo_a,1.4202,258
2026-07-18,Palmas (Las),gasoleo_premium,1.5419,156
2026-07-18,Palmas (Las),gasolina_95_e5,1.3832,257
2026-07-18,Palmas (Las),gasolina_98_e5,1.5174,227
2026-07-18,Palmas (Las),glp,0.9187,19
2026-07-18,Pontevedra,gasoleo_a,1.6644,226
2026-07-18,Pontevedra,gasoleo_premium,1.7771,141
2026-07-18,Pontevedra,gasolina_95_e5,1.6127,224
2026-07-18,Pontevedra,gasolina_98_e5,1.7807,134
2026-07-18,Pontevedra,glp,1.1096,18
2026-07-18,Rioja (La),gasoleo_a,1.621,84
2026-07-18,Rioja (La),gasoleo_premium,1.7416,40
2026-07-18,Rioja (La),gasolina_95_e5,1.5836,81
2026-07-18,Rioja (La),gasolina_98_e5,1.769,37
2026-07-18,Rioja (La),glp,1.143,5
2026-07-18,Salamanca,gasoleo_a,1.6514,109
2026-07-18,Salamanca,gasoleo_premium,1.7723,64
2026-07-18,Salamanca,gasolina_95_e5,1.586,105
2026-07-18,Salamanca,gasolina_98_e5,1.7831,52
2026-07-18,Salamanca,glp,1.1218,8
2026-07-18,Santa Cruz De Tenerife,gasoleo_a,1.4791,239
2026-07-18,Santa Cruz De Tenerife,gasoleo_premium,1.5943,129
2026-07-18,Santa Cruz De Tenerife,gasolina_95_e5,1.4267,240
2026-07-18,Santa Cruz De Tenerife,gasolina_98_e5,1.5476,226
2026-07-18,Santa Cruz De Tenerife,glp,0.9259,10
2026-07-18,Segovia,gasoleo_a,1.6698,76
2026-07-18,Segovia,gasoleo_premium,1.757,43
2026-07-18,Segovia,gasolina_95_e5,1.623,75
2026-07-18,Segovia,gasolina_98_e5,1.8184,37
2026-07-18,Segovia,glp,1.0672,4
2026-07-18,Sevilla,gasoleo_a,1.6443,439
2026-07-18,Sevilla,gasoleo_premium,1.7629,234
2026-07-18,Sevilla,gasolina_95_e5,1.5771,432
2026-07-18,Sevilla,gasolina_98_e5,1.7827,146
2026-07-18,Sevilla,glp,1.0269,37
2026-07-18,Soria,gasoleo_a,1.6198,41
2026-07-18,Soria,gasoleo_premium,1.6978,20
2026-07-18,Soria,gasolina_95_e5,1.5645,42
2026-07-18,Soria,gasolina_98_e5,1.7695,17
2026-07-18,Soria,glp,1.0432,5
2026-07-18,Tarragona,gasoleo_a,1.6344,224
2026-07-18,Tarragona,gasoleo_premium,1.7475,122
2026-07-18,Tarragona,gasolina_95_e5,1.582,213
2026-07-18,Tarragona,gasolina_98_e5,1.773,123
2026-07-18,Tarragona,glp,1.0498,28
2026-07-18,Teruel,gasoleo_a,1.6311,68
2026-07-18,Teruel,gasoleo_premium,1.7644,33
2026-07-18,Teruel,gasolina_95_e5,1.5883,64
2026-07-18,Teruel,gasolina_98_e5,1.7577,30
2026-07-18,Teruel,glp,1.092,4
2026-07-18,Toledo,gasoleo_a,1.6644,243
2026-07-18,Toledo,gasoleo_premium,1.7541,119
2026-07-18,Toledo,gasolina_95_e5,1.6119,240
2026-07-18,Toledo,gasolina_98_e5,1.8091,120
2026-07-18,Toledo,glp,1.0162,29
2026-07-18,Valencia / València,gasoleo_a,1.6125,625
2026-07-18,Valencia / València,gasoleo_premium,1.7289,309
2026-07-18,Valencia / València,gasolina_95_e5,1.5781,610
2026-07-18,Valencia / València,gasolina_98_e5,1.7998,278
2026-07-18,Valencia / València,glp,1.0128,50
2026-07-18,Valladolid,gasoleo_a,1.6573,151
2026-07-18,Valladolid,gasoleo_premium,1.7564,78
2026-07-18,Valladolid,gasolina_95_e5,1.6062,146
2026-07-18,Valladolid,gasolina_98_e5,1.8336,71
2026-07-18,Valladolid,glp,1.0546,17
2026-07-18,Zamora,gasoleo_a,1.6567,84
2026-07-18,Zamora,gasoleo_premium,1.7744,50
2026-07-18,Zamora,gasolina_95_e5,1.6111,78
2026-07-18,Zamora,gasolina_98_e5,1.7906,44
2026-07-18,Zamora,glp,1.0468,5
2026-07-18,Zaragoza,gasoleo_a,1.6341,231
2026-07-18,Zaragoza,gasoleo_premium,1.7025,87
2026-07-18,Zaragoza,gasolina_95_e5,1.5957,218
2026-07-18,Zaragoza,gasolina_98_e5,1.798,95
2026-07-18,Zaragoza,glp,1.0403,11
2026-07-18,Ávila,gasoleo_a,1.6891,70
2026-07-18,Ávila,gasoleo_premium,1.7913,44
2026-07-18,Ávila,gasolina_95_e5,1.6301,69
2026-07-18,Ávila,gasolina_98_e5,1.7819,34
2026-07-18,Ávila,glp,1.0577,3
2026-07-19,Albacete,gasoleo_a,1.6769,150
2026-07-19,Albacete,gasoleo_premium,1.8101,67
2026-07-19,Albacete,gasolina_95_e5,1.6032,141
2026-07-19,Albacete,gasolina_98_e5,1.8001,64
2026-07-19,Albacete,glp,1.085,6
2026-07-19,Alicante,gasoleo_a,1.6424,480
2026-07-19,Alicante,gasoleo_premium,1.7541,277
2026-07-19,Alicante,gasolina_95_e5,1.625,476
2026-07-19,Alicante,gasolina_98_e5,1.8225,260
2026-07-19,Alicante,glp,1.0424,46
2026-07-19,Almería,gasoleo_a,1.6283,226
2026-07-19,Almería,gasoleo_premium,1.7398,118
2026-07-19,Almería,gasolina_95_e5,1.5705,215
2026-07-19,Almería,gasolina_98_e5,1.7804,94
2026-07-19,Almería,glp,1.0781,21
2026-07-19,Araba/Álava,gasoleo_a,1.6835,72
2026-07-19,Araba/Álava,gasoleo_premium,1.7664,36
2026-07-19,Araba/Álava,gasolina_95_e5,1.6361,68
2026-07-19,Araba/Álava,gasolina_98_e5,1.8062,38
2026-07-19,Araba/Álava,glp,1.0884,9
2026-07-19,Asturias,gasoleo_a,1.7152,237
2026-07-19,Asturias,gasoleo_premium,1.8002,159
2026-07-19,Asturias,gasolina_95_e5,1.6663,223
2026-07-19,Asturias,gasolina_98_e5,1.8247,141
2026-07-19,Asturias,glp,1.1064,23
2026-07-19,Badajoz,gasoleo_a,1.6624,273
2026-07-19,Badajoz,gasoleo_premium,1.7738,129
2026-07-19,Badajoz,gasolina_95_e5,1.5904,239
2026-07-19,Badajoz,gasolina_98_e5,1.7905,66
2026-07-19,Badajoz,glp,1.0877,7
2026-07-19,Balears (Illes),gasoleo_a,1.7667,215
2026-07-19,Balears (Illes),gasoleo_premium,1.8485,101
2026-07-19,Balears (Illes),gasolina_95_e5,1.7015,215
2026-07-19,Balears (Illes),gasolina_98_e5,1.8551,126
2026-07-19,Balears (Illes),glp,1.0474,21
2026-07-19,Barcelona,gasoleo_a,1.6488,785
2026-07-19,Barcelona,gasoleo_premium,1.7264,395
2026-07-19,Barcelona,gasolina_95_e5,1.5609,776
2026-07-19,Barcelona,gasolina_98_e5,1.7519,442
2026-07-19,Barcelona,glp,1.0159,88
2026-07-19,Bizkaia,gasoleo_a,1.6905,128
2026-07-19,Bizkaia,gasoleo_premium,1.7202,46
2026-07-19,Bizkaia,gasolina_95_e5,1.6402,126
2026-07-19,Bizkaia,gasolina_98_e5,1.8261,68
2026-07-19,Bizkaia,glp,1.1043,11
2026-07-19,Burgos,gasoleo_a,1.6719,136
2026-07-19,Burgos,gasoleo_premium,1.7584,75
2026-07-19,Burgos,gasolina_95_e5,1.6475,132
2026-07-19,Burgos,gasolina_98_e5,1.8335,57
2026-07-19,Burgos,glp,1.1085,13
2026-07-19,Cantabria,gasoleo_a,1.6743,165
2026-07-19,Cantabria,gasoleo_premium,1.7298,83
2026-07-19,Cantabria,gasolina_95_e5,1.6365,164
2026-07-19,Cantabria,gasolina_98_e5,1.8134,84
2026-07-19,Cantabria,glp,1.1079,29
2026-07-19,Castellón / Castelló,gasoleo_a,1.6447,197
2026-07-19,Castellón / Castelló,gasoleo_premium,1.7799,100
2026-07-19,Castellón / Castelló,gasolina_95_e5,1.5689,195
2026-07-19,Castellón / Castelló,gasolina_98_e5,1.7811,76
2026-07-19,Castellón / Castelló,glp,1.1346,10
2026-07-19,Ceuta,gasoleo_a,1.4903,10
2026-07-19,Ceuta,gasoleo_premium,1.5335,4
2026-07-19,Ceuta,gasolina_95_e5,1.4703,10
2026-07-19,Ceuta,gasolina_98_e5,1.5071,8
2026-07-19,Ciudad Real,gasoleo_a,1.6335,215
2026-07-19,Ciudad Real,gasoleo_premium,1.7433,59
2026-07-19,Ciudad Real,gasolina_95_e5,1.5762,194
2026-07-19,Ciudad Real,gasolina_98_e5,1.7855,72
2026-07-19,Ciudad Real,glp,1.0485,15
2026-07-19,Coruña (A),gasoleo_a,1.6603,286
2026-07-19,Coruña (A),gasoleo_premium,1.7443,171
2026-07-19,Coruña (A),gasolina_95_e5,1.6162,284
2026-07-19,Coruña (A),gasolina_98_e5,1.7831,170
2026-07-19,Coruña (A),glp,0.9982,33
2026-07-19,Cuenca,gasoleo_a,1.6742,117
2026-07-19,Cuenca,gasoleo_premium,1.8236,56
2026-07-19,Cuenca,gasolina_95_e5,1.6254,106
2026-07-19,Cuenca,gasolina_98_e5,1.8146,40
2026-07-19,Cuenca,glp,1.0327,6
2026-07-19,Cáceres,gasoleo_a,1.7072,157
2026-07-19,Cáceres,gasoleo_premium,1.8257,80
2026-07-19,Cáceres,gasolina_95_e5,1.6261,145
2026-07-19,Cáceres,gasolina_98_e5,1.8393,45
2026-07-19,Cáceres,glp,1.0826,7
2026-07-19,Cádiz,gasoleo_a,1.6509,288
2026-07-19,Cádiz,gasoleo_premium,1.755,175
2026-07-19,Cádiz,gasolina_95_e5,1.627,284
2026-07-19,Cádiz,gasolina_98_e5,1.8265,117
2026-07-19,Cádiz,glp,1.0487,27
2026-07-19,Córdoba,gasoleo_a,1.6789,208
2026-07-19,Córdoba,gasoleo_premium,1.7695,102
2026-07-19,Córdoba,gasolina_95_e5,1.5905,203
2026-07-19,Córdoba,gasolina_98_e5,1.7633,66
2026-07-19,Córdoba,glp,1.0844,13
2026-07-19,Gipuzkoa,gasoleo_a,1.6876,144
2026-07-19,Gipuzkoa,gasoleo_premium,1.781,80
2026-07-19,Gipuzkoa,gasolina_95_e5,1.6362,131
2026-07-19,Gipuzkoa,gasolina_98_e5,1.8264,77
2026-07-19,Gipuzkoa,glp,1.05,19
2026-07-19,Girona,gasoleo_a,1.6534,268
2026-07-19,Girona,gasoleo_premium,1.7774,149
2026-07-19,Girona,gasolina_95_e5,1.6205,258
2026-07-19,Girona,gasolina_98_e5,1.8133,156
2026-07-19,Girona,glp,1.0843,26
2026-07-19,Granada,gasoleo_a,1.6315,280
2026-07-19,Granada,gasoleo_premium,1.7517,169
2026-07-19,Granada,gasolina_95_e5,1.5805,276
2026-07-19,Granada,gasolina_98_e5,1.7769,151
2026-07-19,Granada,glp,1.0123,23
2026-07-19,Guadalajara,gasoleo_a,1.6787,88
2026-07-19,Guadalajara,gasoleo_premium,1.7652,43
2026-07-19,Guadalajara,gasolina_95_e5,1.6268,86
2026-07-19,Guadalajara,gasolina_98_e5,1.831,43
2026-07-19,Guadalajara,glp,1.0152,6
2026-07-19,Huelva,gasoleo_a,1.6909,140
2026-07-19,Huelva,gasoleo_premium,1.7984,60
2026-07-19,Huelva,gasolina_95_e5,1.6367,135
2026-07-19,Huelva,gasolina_98_e5,1.8244,48
2026-07-19,Huelva,glp,1.0808,6
2026-07-19,Huesca,gasoleo_a,1.6711,120
2026-07-19,Huesca,gasoleo_premium,1.7789,57
2026-07-19,Huesca,gasolina_95_e5,1.5962,110
2026-07-19,Huesca,gasolina_98_e5,1.7954,52
2026-07-19,Huesca,glp,1.1043,3
2026-07-19,Jaén,gasoleo_a,1.6781,210
2026-07-19,Jaén,gasoleo_premium,1.762,100
2026-07-19,Jaén,gasolina_95_e5,1.5923,206
2026-07-19,Jaén,gasolina_98_e5,1.7906,79
2026-07-19,Jaén,glp,1.0364,14
2026-07-19,León,gasoleo_a,1.6917,161
2026-07-19,León,gasoleo_premium,1.7745,110
2026-07-19,León,gasolina_95_e5,1.6254,155
2026-07-19,León,gasolina_98_e5,1.7949,93
2026-07-19,León,glp,1.1054,8
2026-07-19,Lleida,gasoleo_a,1.608,178
2026-07-19,Lleida,gasoleo_premium,1.7252,77
2026-07-19,Lleida,gasolina_95_e5,1.5478,162
2026-07-19,Lleida,gasolina_98_e5,1.7498,77
2026-07-19,Lleida,glp,1.1463,7
2026-07-19,Lugo,gasoleo_a,1.6945,126
2026-07-19,Lugo,gasoleo_premium,1.7945,66
2026-07-19,Lugo,gasolina_95_e5,1.6417,124
2026-07-19,Lugo,gasolina_98_e5,1.8135,60
2026-07-19,Lugo,glp,1.0589,7
2026-07-19,Madrid,gasoleo_a,1.6762,861
2026-07-19,Madrid,gasoleo_premium,1.7579,453
2026-07-19,Madrid,gasolina_95_e5,1.6279,856
2026-07-19,Madrid,gasolina_98_e5,1.8266,416
2026-07-19,Madrid,glp,1.0228,134
2026-07-19,Melilla,gasoleo_a,1.3781,11
2026-07-19,Melilla,gasoleo_premium,1.421,7
2026-07-19,Melilla,gasolina_95_e5,1.4244,11
2026-07-19,Murcia,gasoleo_a,1.6332,454
2026-07-19,Murcia,gasoleo_premium,1.7035,233
2026-07-19,Murcia,gasolina_95_e5,1.5835,431
2026-07-19,Murcia,gasolina_98_e5,1.7602,233
2026-07-19,Murcia,glp,1.0435,44
2026-07-19,Málaga,gasoleo_a,1.7022,304
2026-07-19,Málaga,gasoleo_premium,1.8069,208
2026-07-19,Málaga,gasolina_95_e5,1.6466,301
2026-07-19,Málaga,gasolina_98_e5,1.8226,165
2026-07-19,Málaga,glp,1.0359,34
2026-07-19,Navarra,gasoleo_a,1.61,239
2026-07-19,Navarra,gasoleo_premium,1.7329,100
2026-07-19,Navarra,gasolina_95_e5,1.5807,215
2026-07-19,Navarra,gasolina_98_e5,1.8026,62
2026-07-19,Navarra,glp,1.0887,20
2026-07-19,Ourense,gasoleo_a,1.7013,87
2026-07-19,Ourense,gasoleo_premium,1.7807,58
2026-07-19,Ourense,gasolina_95_e5,1.6386,87
2026-07-19,Ourense,gasolina_98_e5,1.7906,62
2026-07-19,Ourense,glp,1.0632,5
2026-07-19,Palencia,gasoleo_a,1.7052,68
2026-07-19,Palencia,gasoleo_premium,1.8051,45
2026-07-19,Palencia,gasolina_95_e5,1.6343,66
2026-07-19,Palencia,gasolina_98_e5,1.8219,38
2026-07-19,Palencia,glp,1.1015,4
2026-07-19,Palmas (Las),gasoleo_a,1.4223,258
2026-07-19,Palmas (Las),gasoleo_premium,1.5436,156
2026-07-19,Palmas (Las),gasolina_95_e5,1.3851,257
2026-07-19,Palmas (Las),gasolina_98_e5,1.5193,227
2026-07-19,Palmas (Las),glp,0.9187,19
2026-07-19,Pontevedra,gasoleo_a,1.671,226
2026-07-19,Pontevedra,gasoleo_premium,1.7857,141
2026-07-19,Pontevedra,gasolina_95_e5,1.619,224
2026-07-19,Pontevedra,gasolina_98_e5,1.7882,134
2026-07-19,Pontevedra,glp,1.1096,18
2026-07-19,Rioja (La),gasoleo_a,1.6303,84
2026-07-19,Rioja (La),gasoleo_premium,1.7504,40
2026-07-19,Rioja (La),gasolina_95_e5,1.5927,81
2026-07-19,Rioja (La),gasolina_98_e5,1.7816,37
2026-07-19,Rioja (La),glp,1.143,5
2026-07-19,Salamanca,gasoleo_a,1.6593,109
2026-07-19,Salamanca,gasoleo_premium,1.7824,64
2026-07-19,Salamanca,gasolina_95_e5,1.5935,105
2026-07-19,Salamanca,gasolina_98_e5,1.7916,52
2026-07-19,Salamanca,glp,1.1218,8
2026-07-19,Santa Cruz De Tenerife,gasoleo_a,1.4807,239
2026-07-19,Santa Cruz De Tenerife,gasoleo_premium,1.5953,129
2026-07-19,Santa Cruz De Tenerife,gasolina_95_e5,1.428,240
2026-07-19,Santa Cruz De Tenerife,gasolina_98_e5,1.5488,226
2026-07-19,Santa Cruz De Tenerife,glp,0.9259,10
2026-07-19,Segovia,gasoleo_a,1.6754,76
2026-07-19,Segovia,gasoleo_premium,1.7613,43
2026-07-19,Segovia,gasolina_95_e5,1.628,75
2026-07-19,Segovia,gasolina_98_e5,1.8252,37
2026-07-19,Segovia,glp,1.0672,4
2026-07-19,Sevilla,gasoleo_a,1.6491,438
2026-07-19,Sevilla,gasoleo_premium,1.7694,233
2026-07-19,Sevilla,gasolina_95_e5,1.5811,431
2026-07-19,Sevilla,gasolina_98_e5,1.7896,146
2026-07-19,Sevilla,glp,1.0269,37
2026-07-19,Soria,gasoleo_a,1.626,41
2026-07-19,Soria,gasoleo_premium,1.7037,20
2026-07-19,Soria,gasolina_95_e5,1.572,42
2026-07-19,Soria,gasolina_98_e5,1.783,17
2026-07-19,Soria,glp,1.0432,5
2026-07-19,Tarragona,gasoleo_a,1.6423,224
2026-07-19,Tarragona,gasoleo_premium,1.7568,122
2026-07-19,Tarragona,gasolina_95_e5,1.5904,213
2026-07-19,Tarragona,gasolina_98_e5,1.783,123
2026-07-19,Tarragona,glp,1.0498,28
2026-07-19,Teruel,gasoleo_a,1.6408,68
2026-07-19,Teruel,gasoleo_premium,1.7815,33
2026-07-19,Teruel,gasolina_95_e5,1.5927,64
2026-07-19,Teruel,gasolina_98_e5,1.7665,30
2026-07-19,Teruel,glp,1.092,4
2026-07-19,Toledo,gasoleo_a,1.6742,244
2026-07-19,Toledo,gasoleo_premium,1.7621,119
2026-07-19,Toledo,gasolina_95_e5,1.6188,241
2026-07-19,Toledo,gasolina_98_e5,1.8213,120
2026-07-19,Toledo,glp,1.0162,29
2026-07-19,Valencia / València,gasoleo_a,1.6188,624
2026-07-19,Valencia / València,gasoleo_premium,1.7376,308
2026-07-19,Valencia / València,gasolina_95_e5,1.5835,609
2026-07-19,Valencia / València,gasolina_98_e5,1.8084,277
2026-07-19,Valencia / València,glp,1.0128,50
2026-07-19,Valladolid,gasoleo_a,1.665,151
2026-07-19,Valladolid,gasoleo_premium,1.767,78
2026-07-19,Valladolid,gasolina_95_e5,1.6134,146
2026-07-19,Valladolid,gasolina_98_e5,1.8455,71
2026-07-19,Valladolid,glp,1.0546,17
2026-07-19,Zamora,gasoleo_a,1.6653,85
2026-07-19,Zamora,gasoleo_premium,1.7845,50
2026-07-19,Zamora,gasolina_95_e5,1.6206,79
2026-07-19,Zamora,gasolina_98_e5,1.8021,44
2026-07-19,Zamora,glp,1.0468,5
2026-07-19,Zaragoza,gasoleo_a,1.6415,231
2026-07-19,Zaragoza,gasoleo_premium,1.7067,87
2026-07-19,Zaragoza,gasolina_95_e5,1.6023,218
2026-07-19,Zaragoza,gasolina_98_e5,1.8078,95
2026-07-19,Zaragoza,glp,1.0403,11
2026-07-19,Ávila,gasoleo_a,1.6991,70
2026-07-19,Ávila,gasoleo_premium,1.8038,44
2026-07-19,Ávila,gasolina_95_e5,1.6418,69
2026-07-19,Ávila,gasolina_98_e5,1.7893,34
2026-07-19,Ávila,glp,1.0577,3
